id_partido,equipo,numero,nombre
CHI,1,BARRIENTOS Felipe,1
CHI,10,FEUCHTMANN Emil,1
CHI,11,SALINAS Esteban,1
CHI,12,GARCIA Felipe,1
CHI,16,GONZALEZ Vicente,1
CHI,17,SALINAS Rodrigo,1
CHI,2,CEBALLOS Sebastian,1
CHI,20,PAVEZ Sebastian,1
CHI,21,FEUCHTMANN Harald,1
CHI,23,CALLEJA Benjamin,1
CHI,29,ONETO Marco,1
CHI,30,AYALA Daniel,1
CHI,4,FEUCHTMANN Erwin,1
CHI,7,REYES Diego,1
CHI,77,DONOSO Victor,1
CHI,9,FRELIJJ Javier,1
EGY,11,MOAMEN Ahmed,1
EGY,15,HESHAM Ahmed,1
EGY,24,ELMASRY Ibrahim,1
EGY,25,NAWAR Wisam,1
EGY,31,ELWAKIL Omar,1
EGY,39,ELDERAA Yehia,1
EGY,42,KADDAH Hassan,1
EGY,45,ELDERAA Seif,1
EGY,5,OMAR Yahia,1
EGY,53,YOUSRI Akram,1
EGY,55,RAMADAN Mohsen,1
EGY,88,HENDAWY Karim,1
EGY,89,MAMDOUH Mohamed,1
EGY,90,ZEIN Ali,1
EGY,91,SANAD Mohammad,1
EGY,96,ELTAYAR Mohamed,1
MKD,1,MITREVSKI Nikola,2
MKD,11,TALESKI Filip,2
MKD,12,TOMOVSKI Martin,2
MKD,17,MARKOSKI Nikola,2
MKD,18,KUZMANOVSKI Filip,2
MKD,19,KOSTESKI Nenad,2
MKD,21,TANKOSKI Mario,2
MKD,28,POPOVSKI Martin,2
MKD,29,GEORGIEVSKI Darko,2
MKD,33,PESHEVSKI Zharko,2
MKD,4,VELKOVSKI Martin,2
MKD,5,STOILOV Stojanche,2
MKD,6,DIMITRIOSKI Dimitar,2
MKD,7,LAZAROV Kiril,2
MKD,8,KUZMANOSKI Cvetan,2
MKD,97,MISHEVSKI Marko,2
SWE,11,PETTERSSON Daniel,2
SWE,12,PALICKA Andreas,2
SWE,15,WANNE Hampus,2
SWE,16,AGGEFORS Mikael,2
SWE,18,PETTERSSON Fredric,2
SWE,19,CLAAR Felix,2
SWE,2,CARLSBOGARD Jonathan,2
SWE,22,PELLAS Lucas,2
SWE,24,GOTTFRIDSSON Jim,2
SWE,26,PERSSON Linus,2
SWE,27,SUNNEFELDT Oskar,2
SWE,28,EDVARDSSON Jonathan,2
SWE,33,SANDELL Lukas,2
SWE,5,DARJ Max,2
SWE,62,CHRINTZ Valter,2
SWE,8,JONSSON Alfred,2
ALG,12,BENMENNI Abdellah,3
ALG,13,CHEHBOUR Riad,3
ALG,15,SAKER Redouane,3
ALG,18,KAABECHE Hichem,3
ALG,19,ENSAAD Oqba,3
ALG,2,NAIM Zohir,3
ALG,21,BOUDJENAH Oussem,3
ALG,22,GHEDBANE Khalifa,3
ALG,23,ABDERAHIM Berriah,3
ALG,36,ABDELKADER Rahim,3
ALG,4,HELLAL Nouredine,3
ALG,44,HADJ SADOK Moustapha,3
ALG,6,BERKOUS Messaoud,3
ALG,7,HICHEM Daoud,3
ALG,77,ARIB Reda,3
ALG,87,AYOUB Abdi,3
MAR,1,IDRISSI Yassine,3
MAR,10,ZAROILI Mohamed,3
MAR,12,LAAROUSSI Alae,3
MAR,13,HAKIMI Hicham,3
MAR,18,BELLIMAM Lahcen,3
MAR,21,FOUGANI Nacym Hamed,3
MAR,24,EZZINE Mohammed,3
MAR,46,HARCHAOUI Amine,3
MAR,7,REIDA Rezzouki,3
MAR,8,BENTALEB Mohamed Amine,3
MAR,91,ADLI Achraf,3
MAR,92,EL KACHRADI Hassan,3
MAR,93,LAKBI Ryad,3
MAR,94,ISMAILI  ALAOUI Mehdi,3
MAR,97,EL MALKI Said,3
MAR,99,SLASSI Nabil,3
ISL,11,GISLASON Ymir Orn,4
ISL,13,GUDMUNDSSON Olafur Andres,4
ISL,14,MAGNUSSON Omar Ingi,4
ISL,15,PETERSSON Alexander,4
ISL,16,HALLGRIMSSON Viktor Gisli,4
ISL,17,GUNNARSSON Arnor Thor,4
ISL,18,KRISTJANSSON Gisli Thorgeir,4
ISL,20,BJORGVINSSON Agust Eli,4
ISL,21,ARNARSSON Arnar Freyr,4
ISL,22,GUDJONSSON Sigvaldi Bjorn,4
ISL,23,GRETARSSON Oddur,4
ISL,29,VIDARSSON Ellidi Snaer,4
ISL,33,SMARASON Janus Dadi,4
ISL,7,KRISTJANSSON Viggo,4
ISL,8,ELISSON Bjarki Mar,4
ISL,9,JONSSON Elvar Orn,4
POR,1,QUINTANA Alfredo,4
POR,10,MARTINS Miguel,4
POR,11,MOREIRA Belone,4
POR,14,SILVA Rui,4
POR,15,SALINA Daymaro,4
POR,16,GOMES Humberto,4
POR,22,BORGES Alexis,4
POR,23,BRANQUINHO Diogo,4
POR,25,AREIA Antonio,4
POR,27,GOMES Andre,4
POR,30,FERNANDES Leonel,4
POR,4,PORTELA Pedro,4
POR,5,DUARTE Gilberto,4
POR,8,ITURRIZA Victor,4
POR,88,MAGALHAES Fabio,4
POR,9,FERRAZ Joao,4
AUT,1,BAUER Thomas,5
AUT,20,FRIMMEL Sebastian,5
AUT,24,DICKER Daniel,5
AUT,26,HERBURGER Lukas,5
AUT,28,ZEINER Gerald,5
AUT,30,ZIVKOVIC Boris,5
AUT,31,PRATSCHNER Julian,5
AUT,4,HERMANN Maximilian,5
AUT,40,EICHBERGER Thomas,5
AUT,55,WAGNER Tobias,5
AUT,57,HUBER Balthasar,5
AUT,6,SCHMID Dominik,5
AUT,60,JOCHMANN Jakob,5
AUT,72,HUTECEK Lukas,5
AUT,77,STEVANOVIC Nikola,5
AUT,8,WEBER Robert,5
SUI,11,SIDOROWICZ Roman,5
SUI,15,RAEMY Nicolas,5
SUI,16,PORTNER Nikola,5
SUI,17,ROTHLISBERGER Samuel,5
SUI,2,SCHMID Andy,5
SUI,24,TOMINEC Nik,5
SUI,27,GERBL Maximilian,5
SUI,29,ZEHNDER Samuel,5
SUI,31,BRINGOLF Aurel,5
SUI,34,MILOSEVIC Alen,5
SUI,36,NOVAK Philip,5
SUI,4,RUBIN Lenny,5
SUI,44,BEN ROMDHANE Medhi,5
SUI,6,TYNOWSKI Cedrie,5
SUI,8,SVAJLEN Michal,5
SUI,9,LIER Marvin,5
FRA,10,MEM Dika,6
FRA,11,TOURNAT Nicolas,6
FRA,12,GERARD Vincent,6
FRA,14,MAHE Kentin,6
FRA,17,N'GUESSAN Timothey,6
FRA,19,ABALO Luc,6
FRA,21,GUIGOU Michael,6
FRA,22,KARABATIC Luka,6
FRA,23,FABREGAS Ludovic,6
FRA,24,PARDIN Wesley,6
FRA,25,DESCAT Hugo,6
FRA,27,DIPANDA Adrien,6
FRA,28,PORTE Valentin,6
FRA,5,REMILI Nedim,6
FRA,7,LAGARDE Romain,6
FRA,9,RICHARDSON Melvyn,6
NOR,11,OVERBY Petter,6
NOR,12,SAEVERAS Kristian,6
NOR,15,TONNESEN Kent Robin,6
NOR,17,JONDAL Magnus,6
NOR,18,AAR William,6
NOR,19,BJORNSEN Kristian,6
NOR,23,JOHANNESSEN Goran Sogard,6
NOR,25,TANGEN Eivind,6
NOR,27,REINKIND Harald,6
NOR,30,BERGERUD Torbjorn Sittrup,6
NOR,32,SOLSTAD Thomas,6
NOR,5,SAGOSEN Sander,6
NOR,7,OVERJORDET Sander,6
NOR,71,BLONZ Alexandre Christoffersen,6
NOR,8,MYRHOL Bjarte,6
NOR,9,JAKOBSEN Henrik,6
BLR,17,KRYVENKA Uladzislau,7
BLR,20,KISHOU  Aliaksei,7
BLR,23,YURYNOK Andrei,7
BLR,3,KULESH Uladzislau,7
BLR,33,MAROZ Ivan,7
BLR,43,SELVIASIUK Artsiom,7
BLR,47,PADSHYVALAU Aliaksandr,7
BLR,50,KARALEK Artsem,7
BLR,55,VAILUPAU Mikita,7
BLR,62,SAMOILA Kiryl,7
BLR,7,KULAK Artsiom,7
BLR,74,BOKHAN Viachaslau,7
BLR,8,RUDZ Artur,7
BLR,9,ASTRASHAPKIN Aleh,7
BLR,95,GAYDUCHENKO Vadim,7
BLR,98,ALIOKHIN Mikalai,7
RHF,16,PAVLENKO Dmitrii,7
RHF,17,KOTOV Aleksandr,7
RHF,23,OSTASHCHENKO Roman,7
RHF,27,VASILEV Denis,7
RHF,28,KUDINOV Sergei,7
RHF,30,ERMAKOV Aleksandr,7
RHF,33,SHISHKAREV Daniil,7
RHF,36,IVANOV Sergei,7
RHF,44,SOROKA Igor,7
RHF,5,KISELEV Dmitrii,7
RHF,55,VALIULLIN Azat,7
RHF,78,ANDREEV Pavel,7
RHF,87,KIREEV Viktor,7
RHF,89,ZHITNIKOV Dmitrii,7
RHF,97,FOKIN Aleksei,7
RHF,99,KOSOROTOV Sergei Mark,7
KOR,10,YU Chanmin,8
KOR,13,LEE Junhee,8
KOR,19,BAEK Seunggeon,8
KOR,22,LEE Byeongju,8
KOR,23,JEON Youngje,8
KOR,24,KIM Myeongjong,8
KOR,26,KIM Jinyoung,8
KOR,28,KIM Jinho,8
KOR,32,JO Donghyeon,8
KOR,33,KIM Jaesoon,8
KOR,34,KIM Younggil,8
KOR,77,LEE Changwoo,8
KOR,8,KIM Hyeonwoo,8
KOR,87,KIM Jiun,8
KOR,97,KIM Taeung,8
KOR,98,AN Jaepil,8
SLO,11,DOLENEC Jure,8
SLO,13,CINGESAR Darko,8
SLO,16,VUJOVIC Miljan,8
SLO,17,CEHTE Nejc,8
SLO,2,SKUBE Stas,8
SLO,21,GAJIC Dragan,8
SLO,22,GABER Matej,8
SLO,23,ZARABEC Miha,8
SLO,26,FERLIN Klemen,8
SLO,3,BLAGOTINSEK Blaz,8
SLO,34,OVNICEK Rok,8
SLO,44,BOMBAC Dean,8
SLO,5,HENIGMAN Nik,8
SLO,51,MACKOVSEK Borut,8
SLO,8,JANC Blaz,8
SLO,95,SUHOLEZNIK Matic,8
ARG,11,MOSCARIELLO Lucas Dario,9
ARG,15,CAROU MARCEL Gonzalo Matias,9
ARG,18,FISCHER Guillermo Jose,9
ARG,19,MARTINEZ CAMI Pedro,9
ARG,2,FERNANDEZ Federico Gaston,9
ARG,20,MARTINEZ Ramiro,9
ARG,22,MOURINO Gaston Alberto,9
ARG,3,PIZARRO Federico,9
ARG,4,SIMONET Sebastian Alejandro,9
ARG,40,MACIEL Leonel Carlos Sergio,9
ARG,5,VAINSTEIN Pablo,9
ARG,6,SIMONET Diego Esteban,9
ARG,7,PIZARRO Ignacio,9
ARG,77,BONANNO Nicolas,9
ARG,8,SIMONET Pablo Ariel,9
ARG,87,BAR Juan Manuel,9
COD,1,SOBTACDOUG TIETCHOP Berlin,9
COD,10,NGOULOU QUENTIN Andre,9
COD,11,NGANDO OUEDRAOGO Adam,9
COD,12,LUCAU HERDEIRO Junior,9
COD,15,MVUMBI THIERRY Gauthier,9
COD,16,JACOBY KOALY Jordy,9
COD,17,KIANGEBENI KAWOLA Johan,9
COD,18,EYANGA SIMOKETO Baudric,9
COD,22,BEAUREGARD MBAKA Frederic,9
COD,27,BOTETSI Olivier,9
COD,4,YAHOZA MOGA Christian,9
COD,68,TCHITOMBI Aurelien,9
COD,75,CORNEIL OLIVIER Steeven,9
COD,83,KINZONZOLO MIATUDILA Jacques,9
COD,84,TUZOLANA Audray,9
COD,9,BOUITY GENESE Zephyrin,9
BRN,14,QAMBAR Qasim,10
BRN,15,ABDULREDHA Mohamed,10
BRN,18,FADHUL Ahmed,10
BRN,19,MERZA Mohamed,10
BRN,21,A.HUSAIN Mohamed,10
BRN,25,ALSHUWAIKH Qasim,10
BRN,66,MAHFOODH Komail,10
BRN,7,MERZA Ali,10
BRN,77,ALSALATNA Jasim,10
BRN,78,SALMAN Ali,10
BRN,88,ALFARDAN Hasan,10
BRN,89,SAAD Mahdi,10
BRN,9,ALSAMAHIJI Hasan,10
BRN,93,AHMED Mohamed,10
BRN,98,HABIB Mohamed,10
BRN,99,ALSAYYAD Husain,10
DEN,1,JACOBSEN Niklas Landin,10
DEN,14,ZACHARIASSEN Anders,10
DEN,15,JENSEN Magnus Saugstrup,10
DEN,17,SVAN Lasse J.,10
DEN,20,MOLLER Kevin,10
DEN,21,JENSEN Henrik Mollgaard,10
DEN,22,LARSEN Mads Mensah,10
DEN,24,HANSEN Mikkel,10
DEN,25,OLSEN Morten Toft,10
DEN,26,HANSEN Johan P.,10
DEN,28,ANDERSSON Lasse B.,10
DEN,31,NIELSEN Nikolaj Oris,10
DEN,32,HOLM Jacob T.,10
DEN,33,GIDSEL Mathias,10
DEN,34,JENSEN Simon Hald,10
DEN,4,JACOBSEN Magnus Landin,10
BRA,1,SANTOS Maik,11
BRA,10,TOLEDO Jose,11
BRA,13,MORAES Rogerio,11
BRA,16,da ROSA Rangel,11
BRA,19,CHIUFFA Fabio,11
BRA,2,TEIXEIRA Henrique,11
BRA,25,TEIXEIRA Vinicius,11
BRA,30,PATRIANOVA Arthur,11
BRA,33,DUTRA Leonardo,11
BRA,34,LUCIANO Jose,11
BRA,35,PONCIANO Thiago,11
BRA,37,LANGARO Haniel,11
BRA,4,SILVA Joao,11
BRA,77,HACKBARTH Rudolph,11
BRA,89,ALMEIDA Cesar,11
BRA,95,RODRIGUES Gustavo,11
ESP,1,PEREZ de VARGAS MORENO Gonzalo,11
ESP,10,DUJSHEBAEV DOVICHEBAEVA Alex,11
ESP,11,SARMIENTO MELIAN Daniel,11
ESP,12,CORRALES RODAL Rodrigo,11
ESP,14,SOLE SALA Ferran,11
ESP,17,FIGUERAS TREJO Adrian,11
ESP,21,CANELLAS REIXACH Joan,11
ESP,24,MORROS de ARGILA Viran,11
ESP,28,GOMEZ ABELLO Aleix,11
ESP,29,ARINO BENGOECHEA Aitor,11
ESP,30,GUARDIOLA VILLAPLANA Gedeon,11
ESP,5,MAQUEDA PENO Jorge,11
ESP,52,MARCHAN CRIADO Ruben,11
ESP,59,DUJSHEBAEV DOVICHEBAEVA Daniel,11
ESP,6,FERNANDEZ PEREZ Angel,11
ESP,9,ENTRERRIOS RODRIGUEZ Raul,11
POL,11,MAJDZINSKI Maciej,12
POL,16,WYSZOMIRSKI Piotr,12
POL,19,CZUWARA Jan,12
POL,20,PILITOWSKI Maciej,12
POL,23,MORYTO Arkadiusz,12
POL,26,DASZEK Michal,12
POL,28,GEBALA Maciej,12
POL,30,PRZYBYLSKI Rafal,12
POL,36,DAWYDZIK Dawid,12
POL,4,OLEJNICZAK Michal,12
POL,48,GEBALA Tomasz,12
POL,49,CHRAPKOWSKI Piotr,12
POL,6,KRAJEWSKI Przemyslaw,12
POL,7,WALCZAK Patryk,12
POL,9,SICKO Szymon,12
POL,94,MORAWSKI Adam,12
TUN,12,MAGGAIZ Marouen,12
TUN,15,HAJ YOUSSEF Khaled,12
TUN,19,SANAI Mosbah,12
TUN,22,MAAREF Yousef,12
TUN,27,RZIG Issam,12
TUN,39,SOUSSI Mohamed,12
TUN,55,TOUMI Ghassen,12
TUN,66,JBELI Islem,12
TUN,69,JABALLAH Jihed,12
TUN,7,MAJDOUB Ramzi,12
TUN,71,DARMOUL Mohamed Amine,12
TUN,77,ZAIED Skander,12
TUN,92,JAZIRI Oussama,12
TUN,94,HARBAOUI Mehdi Sadri,12
TUN,96,BEN ABDALLAH Anouar,12
TUN,97,MARGHELI Achraf,12
GER,1,BITTER Johannes,13
GER,12,HEINEVETTER Silvio,13
GER,15,KNORR Juri,13
GER,18,FIRNHABER Sebastian,13
GER,20,WEBER Philipp,13
GER,22,MICHALZCIK Marian,13
GER,25,HAFNER Kai,13
GER,3,GENSHEIMER Uwe,13
GER,31,SCHILLER Marcel,13
GER,35,KUHN Julius,13
GER,38,BOHM Fabian,13
GER,4,GOLLA Johannes,13
GER,73,KASTENING Timo,13
GER,77,SCHMIDT David,13
GER,9,REICHMANN Tobias,13
GER,95,DRUX Paul,13
URU,1,NAVARRETE GAMBINO Luis Felipe,13
URU,10,SPANGENBERG TORRE Gabriel,13
URU,11,FALABRINO MEDINA Diego,13
URU,13,CANCIO CASAS Maximo Esteban,13
URU,15,MENDEZ SUAREZ Bruno Valentin,13
URU,16,GONZALEZ ALLOZA Felipe Alfonso,13
URU,17,MORANDEIRA Diego,13
URU,19,BOTEJARA MERINGOLO Rodrigo Javier,13
URU,2,CHAPARRO ALMADA Gabriel,13
URU,20,RUBBO RODRIGUEZ Federico,13
URU,24,VELAZCO FERNANDEZ Alejandro Martin,13
URU,34,GOYOAGA ALONSO Geronimo,13
URU,36,ROSTAGNO RIOS Christian David,13
URU,4,LISTON GALBARINI Facundo Manuel,13
URU,74,MILLAN FLORES Guillermo,13
URU,9,FABRA GENTILE Nicolas Gonzalo,13
CPV,1,ALMEIDA Luis,14
CPV,12,FERNANDES Elcio,14
CPV,13,MORENO Paulo,14
CPV,15,PEREIRA Alexandre,14
CPV,19,FURTADO Admilson Estaliny,14
CPV,2,dos SANTOS Gil Baiano,14
CPV,29,LANDIM Felisberto,14
CPV,3,PINA Delcio,14
CPV,44,FURTADO Gualther,14
CPV,5,ARAUJO Edmilson,14
CPV,6,SEMEDO Leandro,14
HUN,15,GYORI Matyas,14
HUN,16,MIKLER Roland,14
HUN,17,NAGY Bence,14
HUN,2,SIPOS Adrian,14
HUN,20,ROSTA Miklos,14
HUN,22,SUNAJKO Stefan,14
HUN,23,MATHE Dominik,14
HUN,24,BORBELY Adam,14
HUN,27,BANHIDI Bence,14
HUN,3,TOPIC Petar,14
HUN,30,SZITA Zoltan,14
HUN,33,ANCSIN Gabor,14
HUN,47,HORNYAK Peter,14
HUN,66,LEKAI Mate,14
HUN,77,HANUSZ Egon,14
HUN,9,BALOGH Zsolt,14
ANG,10,NASCIMENTO Manuel Antonio Domingos,15
ANG,13,TATI Mario De Jesus Ntida,15
ANG,14,CHICOLA Claudio A. Patricio,15
ANG,15,PANZO Mayomona Antonio,15
ANG,16,MUACHISSENGUE Giovany R. De Nelumba,15
ANG,2,QUITONGO Agnelo Adao Tavares,15
ANG,20,GOUVEIA Custodio Joao,15
ANG,21,PESTANA Adelino Anderson,15
ANG,22,ANTONIO Elias,15
ANG,3,AGUIAR Jaroslav Catraio Joao De,15
ANG,4,TECA Gabriel Massuca,15
ANG,5,HEBO Rome Antonio Diogo,15
ANG,7,LOPES Claudio Carneiro,15
ANG,79,FERREIRA Edvaldo L. Da Silva,15
ANG,8,PASCOAL Otiniel A. Cachacha,15
ANG,9,MANECO Adilson Bruno Celestino,15
QAT,10,MARZO Frankis,15
QAT,12,SARIC Danijel,15
QAT,13,ABIDI Mohamed,15
QAT,19,SASSI Marwan,15
QAT,2,ALKRAD Mustafa,15
QAT,20,DAMJANOVIC Jovo,15
QAT,23,BERRACHED Allaedine,15
QAT,33,ROMANE Houssem,15
QAT,37,SAMI Yassine,15
QAT,4,MABROUK Hassan,15
QAT,44,GUEHIS Amine,15
QAT,66,ABDELFATTAH Omar,15
QAT,7,MADADI Ahmad,15
QAT,81,DHIAB Amor,15
QAT,86,HASSABALLA Mahmoud,15
QAT,94,ZAKKAR Ameen,15
CRO,12,PESIC Ivan,16
CRO,13,HORVAT Zlatko,16
CRO,17,SARAC Josip,16
CRO,26,STRLEK Manuel,16
CRO,27,CUPIC Ivan,16
CRO,28,MUSA Zeljko,16
CRO,3,MARIC Marino,16
CRO,30,MAMIC Marko,16
CRO,31,SEBETIC Luka,16
CRO,33,CINDRIC Luka,16
CRO,34,BROZOVIC Ilija,16
CRO,35,SUNJIC Mate,16
CRO,39,MANDIC David,16
CRO,5,DUVNJAK Domagoj,16
CRO,51,MARTINOVIC Ivan,16
CRO,53,SIPIC Marin,16
JPN,12,IWASHITA Yuta,16
JPN,13,KASAHARA Kenya,16
JPN,14,KITAZUME Asumi,16
JPN,18,NARITA Kohei,16
JPN,19,TOKUDA Shinnosuke,16
JPN,20,WATANABE Jin,16
JPN,21,DOI Remi Anri,16
JPN,22,SAKAI Motoki,16
JPN,25,MOTOKI Hiroki,16
JPN,27,TAMAKAWA Hiroyasu,16
JPN,31,YOSHINO Tatsuki,16
JPN,33,AGARIE Yuto,16
JPN,36,DEMURA Naotsugu,16
JPN,38,MIZUMACHI Kotaro,16
JPN,40,TAKANO Sota,16
JPN,41,TOKUDA Rennosuke,16
EGY,11,MOAMEN Ahmed,17
EGY,15,HESHAM Ahmed,17
EGY,24,ELMASRY Ibrahim,17
EGY,25,NAWAR Wisam,17
EGY,31,ELWAKIL Omar,17
EGY,39,ELDERAA Yehia,17
EGY,42,KADDAH Hassan,17
EGY,45,ELDERAA Seif,17
EGY,5,OMAR Yahia,17
EGY,53,YOUSRI Akram,17
EGY,66,ELAHMAR Ahmed,17
EGY,88,HENDAWY Karim,17
EGY,89,MAMDOUH Mohamed,17
EGY,90,ZEIN Ali,17
EGY,91,SANAD Mohammad,17
EGY,96,ELTAYAR Mohamed,17
MKD,1,MITREVSKI Nikola,17
MKD,11,TALESKI Filip,17
MKD,12,TOMOVSKI Martin,17
MKD,17,MARKOSKI Nikola,17
MKD,18,KUZMANOVSKI Filip,17
MKD,19,KOSTESKI Nenad,17
MKD,21,TANKOSKI Mario,17
MKD,28,POPOVSKI Martin,17
MKD,29,GEORGIEVSKI Darko,17
MKD,33,PESHEVSKI Zharko,17
MKD,4,VELKOVSKI Martin,17
MKD,5,STOILOV Stojanche,17
MKD,6,DIMITRIOSKI Dimitar,17
MKD,7,LAZAROV Kiril,17
MKD,8,KUZMANOSKI Cvetan,17
MKD,97,MISHEVSKI Marko,17
CHI,1,BARRIENTOS Felipe,18
CHI,10,FEUCHTMANN Emil,18
CHI,11,SALINAS Esteban,18
CHI,12,GARCIA Felipe,18
CHI,16,GONZALEZ Vicente,18
CHI,17,SALINAS Rodrigo,18
CHI,2,CEBALLOS Sebastian,18
CHI,20,PAVEZ Sebastian,18
CHI,21,FEUCHTMANN Harald,18
CHI,23,CALLEJA Benjamin,18
CHI,29,ONETO Marco,18
CHI,30,AYALA Daniel,18
CHI,4,FEUCHTMANN Erwin,18
CHI,7,REYES Diego,18
CHI,77,DONOSO Victor,18
CHI,9,FRELIJJ Javier,18
SWE,11,PETTERSSON Daniel,18
SWE,12,PALICKA Andreas,18
SWE,15,WANNE Hampus,18
SWE,16,AGGEFORS Mikael,18
SWE,18,PETTERSSON Fredric,18
SWE,19,CLAAR Felix,18
SWE,2,CARLSBOGARD Jonathan,18
SWE,22,PELLAS Lucas,18
SWE,24,GOTTFRIDSSON Jim,18
SWE,26,PERSSON Linus,18
SWE,27,SUNNEFELDT Oskar,18
SWE,28,EDVARDSSON Jonathan,18
SWE,33,SANDELL Lukas,18
SWE,5,DARJ Max,18
SWE,62,CHRINTZ Valter,18
SWE,8,JONSSON Alfred,18
MAR,1,IDRISSI Yassine,19
MAR,10,ZAROILI Mohamed,19
MAR,12,LAAROUSSI Alae,19
MAR,13,HAKIMI Hicham,19
MAR,15,OUZROUR Younes,19
MAR,18,BELLIMAM Lahcen,19
MAR,21,FOUGANI Nacym Hamed,19
MAR,24,EZZINE Mohammed,19
MAR,46,HARCHAOUI Amine,19
MAR,7,REIDA Rezzouki,19
MAR,8,BENTALEB Mohamed Amine,19
MAR,91,ADLI Achraf,19
MAR,92,EL KACHRADI Hassan,19
MAR,93,LAKBI Ryad,19
MAR,94,ISMAILI  ALAOUI Mehdi,19
MAR,99,SLASSI Nabil,19
POR,1,QUINTANA Alfredo,19
POR,10,MARTINS Miguel,19
POR,11,MOREIRA Belone,19
POR,14,SILVA Rui,19
POR,15,SALINA Daymaro,19
POR,16,GOMES Humberto,19
POR,23,BRANQUINHO Diogo,19
POR,25,AREIA Antonio,19
POR,27,GOMES Andre,19
POR,30,FERNANDES Leonel,19
POR,33,SILVA Diogo,19
POR,4,PORTELA Pedro,19
POR,5,DUARTE Gilberto,19
POR,8,ITURRIZA Victor,19
POR,82,FRADE Luis,19
POR,88,MAGALHAES Fabio,19
ALG,12,BENMENNI Abdellah,20
ALG,13,CHEHBOUR Riad,20
ALG,15,SAKER Redouane,20
ALG,18,KAABECHE Hichem,20
ALG,2,NAIM Zohir,20
ALG,21,BOUDJENAH Oussem,20
ALG,22,GHEDBANE Khalifa,20
ALG,23,ABDERAHIM Berriah,20
ALG,36,ABDELKADER Rahim,20
ALG,4,HELLAL Nouredine,20
ALG,44,HADJ SADOK Moustapha,20
ALG,6,BERKOUS Messaoud,20
ALG,7,HICHEM Daoud,20
ALG,77,ARIB Reda,20
ALG,8,HADIDI Aaladine,20
ALG,87,AYOUB Abdi,20
ISL,1,GUSTAVSSON Bjorgvin Pall,20
ISL,11,GISLASON Ymir Orn,20
ISL,13,GUDMUNDSSON Olafur Andres,20
ISL,14,MAGNUSSON Omar Ingi,20
ISL,15,PETERSSON Alexander,20
ISL,17,GUNNARSSON Arnor Thor,20
ISL,18,KRISTJANSSON Gisli Thorgeir,20
ISL,20,BJORGVINSSON Agust Eli,20
ISL,21,ARNARSSON Arnar Freyr,20
ISL,22,GUDJONSSON Sigvaldi Bjorn,20
ISL,23,GRETARSSON Oddur,20
ISL,24,MAGNUSSON Magnus Oli,20
ISL,29,VIDARSSON Ellidi Snaer,20
ISL,7,KRISTJANSSON Viggo,20
ISL,8,ELISSON Bjarki Mar,20
ISL,9,JONSSON Elvar Orn,20
AUT,1,BAUER Thomas,21
AUT,16,KAIPER Florian,21
AUT,20,FRIMMEL Sebastian,21
AUT,24,DICKER Daniel,21
AUT,26,HERBURGER Lukas,21
AUT,28,ZEINER Gerald,21
AUT,30,ZIVKOVIC Boris,21
AUT,4,HERMANN Maximilian,21
AUT,44,RANFTL Julian,21
AUT,55,WAGNER Tobias,21
AUT,57,HUBER Balthasar,21
AUT,6,SCHMID Dominik,21
AUT,72,HUTECEK Lukas,21
AUT,77,STEVANOVIC Nikola,21
AUT,8,WEBER Robert,21
AUT,94,NEUHOLD Christoph,21
FRA,10,MEM Dika,21
FRA,11,TOURNAT Nicolas,21
FRA,12,GERARD Vincent,21
FRA,14,MAHE Kentin,21
FRA,19,ABALO Luc,21
FRA,21,GUIGOU Michael,21
FRA,22,KARABATIC Luka,21
FRA,23,FABREGAS Ludovic,21
FRA,24,PARDIN Wesley,21
FRA,25,DESCAT Hugo,21
FRA,27,DIPANDA Adrien,21
FRA,28,PORTE Valentin,21
FRA,37,ACQUEVILLO Jean Jacques,21
FRA,5,REMILI Nedim,21
FRA,7,LAGARDE Romain,21
FRA,9,RICHARDSON Melvyn,21
NOR,12,SAEVERAS Kristian,22
NOR,15,TONNESEN Kent Robin,22
NOR,17,JONDAL Magnus,22
NOR,18,AAR William,22
NOR,19,BJORNSEN Kristian,22
NOR,23,JOHANNESSEN Goran Sogard,22
NOR,24,O`SULLIVAN Christian,22
NOR,27,REINKIND Harald,22
NOR,30,BERGERUD Torbjorn Sittrup,22
NOR,32,SOLSTAD Thomas,22
NOR,44,GULLIKSEN Kevin Maagero,22
NOR,5,SAGOSEN Sander,22
NOR,7,OVERJORDET Sander,22
NOR,71,BLONZ Alexandre Christoffersen,22
NOR,8,MYRHOL Bjarte,22
NOR,9,JAKOBSEN Henrik,22
SUI,11,SIDOROWICZ Roman,22
SUI,12,GRAZIOLI Leonard,22
SUI,15,RAEMY Nicolas,22
SUI,16,PORTNER Nikola,22
SUI,17,ROTHLISBERGER Samuel,22
SUI,2,SCHMID Andy,22
SUI,24,TOMINEC Nik,22
SUI,29,ZEHNDER Samuel,22
SUI,31,BRINGOLF Aurel,22
SUI,34,MILOSEVIC Alen,22
SUI,36,NOVAK Philip,22
SUI,4,RUBIN Lenny,22
SUI,44,BEN ROMDHANE Medhi,22
SUI,6,TYNOWSKI Cedrie,22
SUI,8,SVAJLEN Michal,22
SUI,9,LIER Marvin,22
BLR,17,KRYVENKA Uladzislau,23
BLR,20,KISHOU Aliaksei,23
BLR,23,YURYNOK Andrei,23
BLR,3,KULESH Uladzislau,23
BLR,33,MAROZ Ivan,23
BLR,43,SELVIASIUK Artsiom,23
BLR,47,PADSHYVALAU Aliaksandr,23
BLR,50,KARALEK Artsem,23
BLR,55,VAILUPAU Mikita,23
BLR,62,SAMOILA Kiryl,23
BLR,7,KULAK Artsiom,23
BLR,74,BOKHAN Viachaslau,23
BLR,8,RUDZ Artur,23
BLR,9,ASTRASHAPKIN Aleh,23
BLR,95,GAYDUCHENKO Vadim,23
BLR,98,ALIOKHIN Mikalai,23
KOR,10,YU Chanmin,23
KOR,13,LEE Junhee,23
KOR,19,BAEK Seunggeon,23
KOR,21,LEE Seungmin,23
KOR,22,LEE Byeongju,23
KOR,23,JEON Youngje,23
KOR,24,KIM Myeongjong,23
KOR,26,KIM Jinyoung,23
KOR,27,YU Myeonghan,23
KOR,28,KIM Jinho,23
KOR,33,KIM Jaesoon,23
KOR,77,LEE Changwoo,23
KOR,83,KANG Jungu,23
KOR,87,KIM Jiun,23
KOR,88,JANG Junyoung,23
KOR,97,KIM Taeung,23
RHF,16,PAVLENKO Dmitrii,24
RHF,17,KOTOV Aleksandr,24
RHF,23,OSTASHCHENKO Roman,24
RHF,27,VASILEV Denis,24
RHF,28,KUDINOV Sergei,24
RHF,30,ERMAKOV Aleksandr,24
RHF,33,SHISHKAREV Daniil,24
RHF,36,IVANOV Sergei,24
RHF,44,SOROKA Igor,24
RHF,5,KISELEV Dmitrii,24
RHF,55,VALIULLIN Azat,24
RHF,78,ANDREEV Pavel,24
RHF,87,KIREEV Viktor,24
RHF,89,ZHITNIKOV Dmitrii,24
RHF,97,FOKIN Aleksei,24
RHF,99,KOSOROTOV Sergei Mark,24
SLO,11,DOLENEC Jure,24
SLO,13,CINGESAR Darko,24
SLO,16,VUJOVIC Miljan,24
SLO,17,CEHTE Nejc,24
SLO,2,SKUBE Stas,24
SLO,21,GAJIC Dragan,24
SLO,22,GABER Matej,24
SLO,23,ZARABEC Miha,24
SLO,26,FERLIN Klemen,24
SLO,3,BLAGOTINSEK Blaz,24
SLO,34,OVNICEK Rok,24
SLO,44,BOMBAC Dean,24
SLO,5,HENIGMAN Nik,24
SLO,51,MACKOVSEK Borut,24
SLO,8,JANC Blaz,24
SLO,95,SUHOLEZNIK Matic,24
ARG,11,MOSCARIELLO Lucas Dario,25
ARG,15,CAROU MARCEL Gonzalo Matias,25
ARG,18,FISCHER Guillermo Jose,25
ARG,19,MARTINEZ CAMI Pedro,25
ARG,2,FERNANDEZ Federico Gaston,25
ARG,20,MARTINEZ Ramiro,25
ARG,22,MOURINO Gaston Alberto,25
ARG,3,PIZARRO Federico,25
ARG,4,SIMONET Sebastian Alejandro,25
ARG,40,MACIEL Leonel Carlos Sergio,25
ARG,5,VAINSTEIN Pablo,25
ARG,7,PIZARRO Ignacio,25
ARG,77,BONANNO Nicolas,25
ARG,8,SIMONET Pablo Ariel,25
ARG,87,BAR Juan Manuel,25
ARG,9,BARONETTO Santiago,25
BRN,11,ALI Abdulla,25
BRN,14,QAMBAR Qasim,25
BRN,15,ABDULREDHA Mohamed,25
BRN,18,FADHUL Ahmed,25
BRN,19,MERZA Mohamed,25
BRN,21,A.HUSAIN Mohamed,25
BRN,25,ALSHUWAIKH Qasim,25
BRN,51,ALMAQABI Ahmed,25
BRN,66,MAHFOODH Komail,25
BRN,7,MERZA Ali,25
BRN,77,ALSALATNA Jasim,25
BRN,88,ALFARDAN Hasan,25
BRN,89,SAAD Mahdi,25
BRN,9,ALSAMAHIJI Hasan,25
BRN,93,AHMED Mohamed,25
BRN,99,ALSAYYAD Husain,25
COD,1,SOBTACDOUG TIETCHOP Berlin,26
COD,10,NGOULOU QUENTIN Andre,26
COD,11,NGANDO OUEDRAOGO Adam,26
COD,12,LUCAU HERDEIRO Junior,26
COD,14,EBANGA NOAH Fabrice,26
COD,15,MVUMBI THIERRY Gauthier,26
COD,16,JACOBY KOALY Jordy,26
COD,17,KIANGEBENI KAWOLA Johan,26
COD,18,EYANGA SIMOKETO Baudric,26
COD,22,BEAUREGARD MBAKA Frederic,26
COD,4,YAHOZA MOGA Christian,26
COD,68,TCHITOMBI Aurelien,26
COD,75,CORNEIL OLIVIER Steeven,26
COD,8,MATHEY JOHN Daniel,26
COD,83,KINZONZOLO MIATUDILA Jacques,26
COD,9,BOUITY GENESE Zephyrin,26
DEN,1,JACOBSEN Niklas Landin,26
DEN,12,NIELSEN Emil,26
DEN,14,ZACHARIASSEN Anders,26
DEN,15,JENSEN Magnus Saugstrup,26
DEN,17,SVAN Lasse J.,26
DEN,21,JENSEN Henrik Mollgaard,26
DEN,22,LARSEN Mads Mensah,26
DEN,24,HANSEN Mikkel,26
DEN,25,OLSEN Morten Toft,26
DEN,26,HANSEN Johan P.,26
DEN,28,ANDERSSON Lasse B.,26
DEN,31,NIELSEN Nikolaj Oris,26
DEN,32,HOLM Jacob T.,26
DEN,33,GIDSEL Mathias,26
DEN,34,JENSEN Simon Hald,26
DEN,4,JACOBSEN Magnus Landin,26
BRA,1,SANTOS Maik,27
BRA,10,TOLEDO Jose,27
BRA,13,MORAES Rogerio,27
BRA,16,da ROSA Rangel,27
BRA,19,CHIUFFA Fabio,27
BRA,2,TEIXEIRA Henrique,27
BRA,25,TEIXEIRA Vinicius,27
BRA,33,DUTRA Leonardo,27
BRA,34,LUCIANO Jose,27
BRA,35,PONCIANO Thiago,27
BRA,37,LANGARO Haniel,27
BRA,4,SILVA Joao,27
BRA,5,TORRIANI Guilherme,27
BRA,77,HACKBARTH Rudolph,27
BRA,89,ALMEIDA Cesar,27
BRA,95,RODRIGUES Gustavo,27
TUN,12,MAGGAIZ Marouen,27
TUN,15,HAJ YOUSSEF Khaled,27
TUN,19,SANAI Mosbah,27
TUN,22,MAAREF Yousef,27
TUN,27,RZIG Issam,27
TUN,39,SOUSSI Mohamed,27
TUN,55,TOUMI Ghassen,27
TUN,66,JBELI Islem,27
TUN,69,JABALLAH Jihed,27
TUN,7,MAJDOUB Ramzi,27
TUN,71,DARMOUL Mohamed Amine,27
TUN,77,ZAIED Skander,27
TUN,92,JAZIRI Oussama,27
TUN,94,HARBAOUI Mehdi Sadri,27
TUN,96,BEN ABDALLAH Anouar,27
TUN,97,MARGHELI Achraf,27
ESP,1,PEREZ de VARGAS MORENO Gonzalo,28
ESP,10,DUJSHEBAEV DOVICHEBAEVA Alex,28
ESP,11,SARMIENTO MELIAN Daniel,28
ESP,12,CORRALES RODAL Rodrigo,28
ESP,14,SOLE SALA Ferran,28
ESP,17,FIGUERAS TREJO Adrian,28
ESP,21,CANELLAS REIXACH Joan,28
ESP,24,MORROS de ARGILA Viran,28
ESP,28,GOMEZ ABELLO Aleix,28
ESP,29,ARINO BENGOECHEA Aitor,28
ESP,30,GUARDIOLA VILLAPLANA Gedeon,28
ESP,5,MAQUEDA PENO Jorge,28
ESP,52,MARCHAN CRIADO Ruben,28
ESP,59,DUJSHEBAEV DOVICHEBAEVA Daniel,28
ESP,6,FERNANDEZ PEREZ Angel,28
ESP,9,ENTRERRIOS RODRIGUEZ Raul,28
POL,11,MAJDZINSKI Maciej,28
POL,16,WYSZOMIRSKI Piotr,28
POL,19,CZUWARA Jan,28
POL,20,PILITOWSKI Maciej,28
POL,23,MORYTO Arkadiusz,28
POL,26,DASZEK Michal,28
POL,28,GEBALA Maciej,28
POL,30,PRZYBYLSKI Rafal,28
POL,36,DAWYDZIK Dawid,28
POL,4,OLEJNICZAK Michal,28
POL,48,GEBALA Tomasz,28
POL,49,CHRAPKOWSKI Piotr,28
POL,6,KRAJEWSKI Przemyslaw,28
POL,7,WALCZAK Patryk,28
POL,9,SICKO Szymon,28
POL,94,MORAWSKI Adam,28
HUN,12,SZEKELY Marton,30
HUN,15,GYORI Matyas,30
HUN,2,SIPOS Adrian,30
HUN,20,ROSTA Miklos,30
HUN,22,SUNAJKO Stefan,30
HUN,23,MATHE Dominik,30
HUN,24,BORBELY Adam,30
HUN,25,RODRIGUEZ ALVAREZ Pedro,30
HUN,27,BANHIDI Bence,30
HUN,30,SZITA Zoltan,30
HUN,33,ANCSIN Gabor,30
HUN,39,BODO Richard,30
HUN,47,HORNYAK Peter,30
HUN,66,LEKAI Mate,30
HUN,7,BOKA Bendeguz,30
HUN,77,HANUSZ Egon,30
URU,12,VIERA GRANO Andres Antonio,30
URU,13,CANCIO CASAS Maximo Esteban,30
URU,15,MENDEZ SUAREZ Bruno Valentin,30
URU,16,GONZALEZ ALLOZA Felipe Alfonso,30
URU,17,MORANDEIRA Diego,30
URU,19,BOTEJARA MERINGOLO Rodrigo Javier,30
URU,2,CHAPARRO ALMADA Gabriel,30
URU,20,RUBBO RODRIGUEZ Federico,30
URU,22,VECINO SZOLNO Sebastian Geronimo,30
URU,24,VELAZCO FERNANDEZ Alejandro Martin,30
URU,26,ECHEVERRY RAIJ Matias,30
URU,34,GOYOAGA ALONSO Geronimo,30
URU,36,ROSTAGNO RIOS Christian David,30
URU,4,LISTON GALBARINI Facundo Manuel,30
URU,40,de AGRELA MILGRON Maximiliano,30
URU,9,FABRA GENTILE Nicolas Gonzalo,30
JPN,12,IWASHITA Yuta,31
JPN,13,KASAHARA Kenya,31
JPN,14,KITAZUME Asumi,31
JPN,18,NARITA Kohei,31
JPN,19,TOKUDA Shinnosuke,31
JPN,20,WATANABE Jin,31
JPN,21,DOI Remi Anri,31
JPN,22,SAKAI Motoki,31
JPN,25,MOTOKI Hiroki,31
JPN,27,TAMAKAWA Hiroyasu,31
JPN,31,YOSHINO Tatsuki,31
JPN,33,AGARIE Yuto,31
JPN,38,MIZUMACHI Kotaro,31
JPN,40,TAKANO Sota,31
JPN,41,TOKUDA Rennosuke,31
JPN,43,YOSHIDA Shuichi,31
QAT,10,MARZO Frankis,31
QAT,12,SARIC Danijel,31
QAT,13,ABIDI Mohamed,31
QAT,19,SASSI Marwan,31
QAT,2,ALKRAD Mustafa,31
QAT,20,DAMJANOVIC Jovo,31
QAT,23,BERRACHED Allaedine,31
QAT,33,ROMANE Houssem,31
QAT,37,SAMI Yassine,31
QAT,4,MABROUK Hassan,31
QAT,44,GUEHIS Amine,31
QAT,66,ABDELFATTAH Omar,31
QAT,7,MADADI Ahmad,31
QAT,81,DHIAB Amor,31
QAT,86,HASSABALLA Mahmoud,31
QAT,94,ZAKKAR Ameen,31
ANG,10,NASCIMENTO Manuel Antonio Domingos,32
ANG,13,TATI Mario De Jesus Ntida,32
ANG,14,CHICOLA Claudio A. Patricio,32
ANG,15,PANZO Mayomona Antonio,32
ANG,16,MUACHISSENGUE Giovany R. De Nelumba,32
ANG,2,QUITONGO Agnelo Adao Tavares,32
ANG,20,GOUVEIA Custodio Joao,32
ANG,21,PESTANA Adelino Anderson,32
ANG,22,ANTONIO Elias,32
ANG,3,AGUIAR Jaroslav Catraio Joao De,32
ANG,4,TECA Gabriel Massuca,32
ANG,5,HEBO Rome Antonio Diogo,32
ANG,7,LOPES Claudio Carneiro,32
ANG,79,FERREIRA Edvaldo L. Da Silva,32
ANG,8,PASCOAL Otiniel A. Cachacha,32
ANG,9,MANECO Adilson Bruno Celestino,32
CRO,12,PESIC Ivan,32
CRO,13,HORVAT Zlatko,32
CRO,15,KEVIC Janko,32
CRO,17,SARAC Josip,32
CRO,26,STRLEK Manuel,32
CRO,27,CUPIC Ivan,32
CRO,28,MUSA Zeljko,32
CRO,3,MARIC Marino,32
CRO,30,MAMIC Marko,32
CRO,31,SEBETIC Luka,32
CRO,34,BROZOVIC Ilija,32
CRO,35,SUNJIC Mate,32
CRO,39,MANDIC David,32
CRO,45,JAGANJAC Halil,32
CRO,5,DUVNJAK Domagoj,32
CRO,51,MARTINOVIC Ivan,32
CHI,1,BARRIENTOS Felipe,33
CHI,10,FEUCHTMANN Emil,33
CHI,11,SALINAS Esteban,33
CHI,12,GARCIA Felipe,33
CHI,16,GONZALEZ Vicente,33
CHI,17,SALINAS Rodrigo,33
CHI,2,CEBALLOS Sebastian,33
CHI,20,PAVEZ Sebastian,33
CHI,21,FEUCHTMANN Harald,33
CHI,23,CALLEJA Benjamin,33
CHI,29,ONETO Marco,33
CHI,30,AYALA Daniel,33
CHI,4,FEUCHTMANN Erwin,33
CHI,7,REYES Diego,33
CHI,77,DONOSO Victor,33
CHI,9,FRELIJJ Javier,33
MKD,1,MITREVSKI Nikola,33
MKD,11,TALESKI Filip,33
MKD,12,TOMOVSKI Martin,33
MKD,17,MARKOSKI Nikola,33
MKD,18,KUZMANOVSKI Filip,33
MKD,19,KOSTESKI Nenad,33
MKD,21,TANKOSKI Mario,33
MKD,25,KRSTEVSKI Goran,33
MKD,28,POPOVSKI Martin,33
MKD,33,PESHEVSKI Zharko,33
MKD,4,VELKOVSKI Martin,33
MKD,5,STOILOV Stojanche,33
MKD,6,DIMITRIOSKI Dimitar,33
MKD,7,LAZAROV Kiril,33
MKD,8,KUZMANOSKI Cvetan,33
MKD,97,MISHEVSKI Marko,33
EGY,11,MOAMEN Ahmed,34
EGY,15,HESHAM Ahmed,34
EGY,24,ELMASRY Ibrahim,34
EGY,25,NAWAR Wisam,34
EGY,31,ELWAKIL Omar,34
EGY,39,ELDERAA Yehia,34
EGY,42,KADDAH Hassan,34
EGY,45,ELDERAA Seif,34
EGY,5,OMAR Yahia,34
EGY,53,YOUSRI Akram,34
EGY,66,ELAHMAR Ahmed,34
EGY,88,HENDAWY Karim,34
EGY,89,MAMDOUH Mohamed,34
EGY,90,ZEIN Ali,34
EGY,91,SANAD Mohammad,34
EGY,96,ELTAYAR Mohamed,34
SWE,11,PETTERSSON Daniel,34
SWE,12,PALICKA Andreas,34
SWE,15,WANNE Hampus,34
SWE,16,AGGEFORS Mikael,34
SWE,18,PETTERSSON Fredric,34
SWE,19,CLAAR Felix,34
SWE,2,CARLSBOGARD Jonathan,34
SWE,22,PELLAS Lucas,34
SWE,24,GOTTFRIDSSON Jim,34
SWE,26,PERSSON Linus,34
SWE,27,SUNNEFELDT Oskar,34
SWE,28,EDVARDSSON Jonathan,34
SWE,33,SANDELL Lukas,34
SWE,5,DARJ Max,34
SWE,62,CHRINTZ Valter,34
SWE,8,JONSSON Alfred,34
ALG,15,SAKER Redouane,35
ALG,16,ZEMOUCHI Yahia,35
ALG,18,KAABECHE Hichem,35
ALG,2,NAIM Zohir,35
ALG,21,BOUDJENAH Oussem,35
ALG,22,GHEDBANE Khalifa,35
ALG,23,ABDERAHIM Berriah,35
ALG,25,BENDJILALI Sofiane,35
ALG,26,KOURI Mokhtar,35
ALG,36,ABDELKADER Rahim,35
ALG,4,HELLAL Nouredine,35
ALG,44,HADJ SADOK Moustapha,35
ALG,6,BERKOUS Messaoud,35
ALG,7,HICHEM Daoud,35
ALG,77,ARIB Reda,35
ALG,87,AYOUB Abdi,35
POR,1,QUINTANA Alfredo,35
POR,10,MARTINS Miguel,35
POR,11,MOREIRA Belone,35
POR,14,SILVA Rui,35
POR,16,GOMES Humberto,35
POR,22,BORGES Alexis,35
POR,23,BRANQUINHO Diogo,35
POR,24,CAVALCANTI Alexandre,35
POR,25,AREIA Antonio,35
POR,27,GOMES Andre,35
POR,30,FERNANDES Leonel,35
POR,4,PORTELA Pedro,35
POR,5,DUARTE Gilberto,35
POR,8,ITURRIZA Victor,35
POR,88,MAGALHAES Fabio,35
POR,9,FERRAZ Joao,35
ISL,1,GUSTAVSSON Bjorgvin Pall,36
ISL,11,GISLASON Ymir Orn,36
ISL,13,GUDMUNDSSON Olafur Andres,36
ISL,15,PETERSSON Alexander,36
ISL,17,GUNNARSSON Arnor Thor,36
ISL,18,KRISTJANSSON Gisli Thorgeir,36
ISL,20,BJORGVINSSON Agust Eli,36
ISL,21,ARNARSSON Arnar Freyr,36
ISL,22,GUDJONSSON Sigvaldi Bjorn,36
ISL,23,GRETARSSON Oddur,36
ISL,24,MAGNUSSON Magnus Oli,36
ISL,26,KRISTJANSSON Kristjan Orn,36
ISL,29,VIDARSSON Ellidi Snaer,36
ISL,7,KRISTJANSSON Viggo,36
ISL,8,ELISSON Bjarki Mar,36
ISL,9,JONSSON Elvar Orn,36
MAR,1,IDRISSI Yassine,36
MAR,10,ZAROILI Mohamed,36
MAR,12,LAAROUSSI Alae,36
MAR,13,HAKIMI Hicham,36
MAR,18,BELLIMAM Lahcen,36
MAR,21,FOUGANI Nacym Hamed,36
MAR,24,EZZINE Mohammed,36
MAR,27,LAMDAKKAR Sami,36
MAR,46,HARCHAOUI Amine,36
MAR,7,REIDA Rezzouki,36
MAR,8,BENTALEB Mohamed Amine,36
MAR,91,ADLI Achraf,36
MAR,92,EL KACHRADI Hassan,36
MAR,93,LAKBI Ryad,36
MAR,94,ISMAILI  ALAOUI Mehdi,36
MAR,99,SLASSI Nabil,36
FRA,10,MEM Dika,37
FRA,11,TOURNAT Nicolas,37
FRA,12,GERARD Vincent,37
FRA,14,MAHE Kentin,37
FRA,19,ABALO Luc,37
FRA,21,GUIGOU Michael,37
FRA,22,KARABATIC Luka,37
FRA,23,FABREGAS Ludovic,37
FRA,24,PARDIN Wesley,37
FRA,25,DESCAT Hugo,37
FRA,27,DIPANDA Adrien,37
FRA,28,PORTE Valentin,37
FRA,37,ACQUEVILLO Jean Jacques,37
FRA,5,REMILI Nedim,37
FRA,7,LAGARDE Romain,37
FRA,9,RICHARDSON Melvyn,37
SUI,11,SIDOROWICZ Roman,37
SUI,15,RAEMY Nicolas,37
SUI,16,PORTNER Nikola,37
SUI,17,ROTHLISBERGER Samuel,37
SUI,2,SCHMID Andy,37
SUI,24,TOMINEC Nik,37
SUI,27,GERBL Maximilian,37
SUI,29,ZEHNDER Samuel,37
SUI,31,BRINGOLF Aurel,37
SUI,34,MILOSEVIC Alen,37
SUI,36,NOVAK Philip,37
SUI,4,RUBIN Lenny,37
SUI,44,BEN ROMDHANE Medhi,37
SUI,6,TYNOWSKI Cedrie,37
SUI,8,SVAJLEN Michal,37
SUI,9,LIER Marvin,37
AUT,16,KAIPER Florian,38
AUT,19,JURIC Antonio,38
AUT,20,FRIMMEL Sebastian,38
AUT,26,HERBURGER Lukas,38
AUT,28,ZEINER Gerald,38
AUT,31,PRATSCHNER Julian,38
AUT,4,HERMANN Maximilian,38
AUT,40,EICHBERGER Thomas,38
AUT,44,RANFTL Julian,38
AUT,55,WAGNER Tobias,38
AUT,6,SCHMID Dominik,38
AUT,60,JOCHMANN Jakob,38
AUT,72,HUTECEK Lukas,38
AUT,77,STEVANOVIC Nikola,38
AUT,8,WEBER Robert,38
AUT,94,NEUHOLD Christoph,38
NOR,11,OVERBY Petter,38
NOR,12,SAEVERAS Kristian,38
NOR,15,TONNESEN Kent Robin,38
NOR,17,JONDAL Magnus,38
NOR,19,BJORNSEN Kristian,38
NOR,23,JOHANNESSEN Goran Sogard,38
NOR,24,O`SULLIVAN Christian,38
NOR,27,REINKIND Harald,38
NOR,30,BERGERUD Torbjorn Sittrup,38
NOR,32,SOLSTAD Thomas,38
NOR,44,GULLIKSEN Kevin Maagero,38
NOR,5,SAGOSEN Sander,38
NOR,7,OVERJORDET Sander,38
NOR,71,BLONZ Alexandre Christoffersen,38
NOR,8,MYRHOL Bjarte,38
NOR,9,JAKOBSEN Henrik,38
KOR,13,LEE Junhee,39
KOR,19,BAEK Seunggeon,39
KOR,21,LEE Seungmin,39
KOR,22,LEE Byeongju,39
KOR,23,JEON Youngje,39
KOR,26,KIM Jinyoung,39
KOR,27,YU Myeonghan,39
KOR,28,KIM Jinho,39
KOR,32,JO Donghyeon,39
KOR,33,KIM Jaesoon,39
KOR,77,LEE Changwoo,39
KOR,8,KIM Hyeonwoo,39
KOR,83,KANG Jungu,39
KOR,87,KIM Jiun,39
KOR,97,KIM Taeung,39
KOR,98,AN Jaepil,39
RHF,17,KOTOV Aleksandr,39
RHF,22,KASATKIN Viacheslav,39
RHF,23,OSTASHCHENKO Roman,39
RHF,24,KORNEV Dmitry,39
RHF,28,KUDINOV Sergei,39
RHF,30,ERMAKOV Aleksandr,39
RHF,33,SHISHKAREV Daniil,39
RHF,44,SOROKA Igor,39
RHF,5,KISELEV Dmitrii,39
RHF,55,VALIULLIN Azat,39
RHF,76,TRETYNKO Stanislav,39
RHF,78,ANDREEV Pavel,39
RHF,87,KIREEV Viktor,39
RHF,89,ZHITNIKOV Dmitrii,39
RHF,97,FOKIN Aleksei,39
RHF,99,KOSOROTOV Sergei Mark,39
BLR,17,KRYVENKA Uladzislau,40
BLR,20,KISHOU Aliaksei,40
BLR,23,YURYNOK Andrei,40
BLR,3,KULESH Uladzislau,40
BLR,33,MAROZ Ivan,40
BLR,43,SELVIASIUK Artsiom,40
BLR,47,PADSHYVALAU Aliaksandr,40
BLR,50,KARALEK Artsem,40
BLR,55,VAILUPAU Mikita,40
BLR,62,SAMOILA Kiryl,40
BLR,7,KULAK Artsiom,40
BLR,74,BOKHAN Viachaslau,40
BLR,8,RUDZ Artur,40
BLR,9,ASTRASHAPKIN Aleh,40
BLR,95,GAYDUCHENKO Vadim,40
BLR,98,ALIOKHIN Mikalai,40
SLO,11,DOLENEC Jure,40
SLO,13,CINGESAR Darko,40
SLO,17,CEHTE Nejc,40
SLO,2,SKUBE Stas,40
SLO,21,GAJIC Dragan,40
SLO,22,GABER Matej,40
SLO,23,ZARABEC Miha,40
SLO,26,FERLIN Klemen,40
SLO,3,BLAGOTINSEK Blaz,40
SLO,34,OVNICEK Rok,40
SLO,44,BOMBAC Dean,40
SLO,5,HENIGMAN Nik,40
SLO,51,MACKOVSEK Borut,40
SLO,8,JANC Blaz,40
SLO,90,LESJAK Urban,40
SLO,95,SUHOLEZNIK Matic,40
BRN,14,QAMBAR Qasim,41
BRN,15,ABDULREDHA Mohamed,41
BRN,18,FADHUL Ahmed,41
BRN,19,MERZA Mohamed,41
BRN,21,A.HUSAIN Mohamed,41
BRN,25,ALSHUWAIKH Qasim,41
BRN,3,EID Ali,41
BRN,50,ALMAQABI Ahmed,41
BRN,66,MAHFOODH Komail,41
BRN,7,MERZA Ali,41
BRN,77,ALSALATNA Jasim,41
BRN,78,SALMAN Ali,41
BRN,89,SAAD Mahdi,41
BRN,9,ALSAMAHIJI Hasan,41
BRN,93,AHMED Mohamed,41
BRN,99,ALSAYYAD Husain,41
COD,10,NGOULOU QUENTIN Andre,41
COD,11,NGANDO OUEDRAOGO Adam,41
COD,12,LUCAU HERDEIRO Junior,41
COD,14,EBANGA NOAH Fabrice,41
COD,15,MVUMBI THIERRY Gauthier,41
COD,16,JACOBY KOALY Jordy,41
COD,17,KIANGEBENI KAWOLA Johan,41
COD,18,EYANGA SIMOKETO Baudric,41
COD,22,BEAUREGARD MBAKA Frederic,41
COD,27,BOTETSI Olivier,41
COD,4,YAHOZA MOGA Christian,41
COD,68,TCHITOMBI Aurelien,41
COD,75,CORNEIL OLIVIER Steeven,41
COD,83,KINZONZOLO MIATUDILA Jacques,41
COD,84,TUZOLANA Audray,41
COD,9,BOUITY GENESE Zephyrin,41
ARG,11,MOSCARIELLO Lucas Dario,42
ARG,15,CAROU MARCEL Gonzalo Matias,42
ARG,17,CRIVELLI Manuel,42
ARG,18,FISCHER Guillermo Jose,42
ARG,19,MARTINEZ CAMI Pedro,42
ARG,2,FERNANDEZ Federico Gaston,42
ARG,20,MARTINEZ Ramiro,42
ARG,22,MOURINO Gaston Alberto,42
ARG,3,PIZARRO Federico,42
ARG,40,MACIEL Leonel Carlos Sergio,42
ARG,7,PIZARRO Ignacio,42
ARG,71,CANEPA Santiago Alejo,42
ARG,77,BONANNO Nicolas,42
ARG,8,SIMONET Pablo Ariel,42
ARG,87,BAR Juan Manuel,42
ARG,9,BARONETTO Santiago,42
DEN,1,JACOBSEN Niklas Landin,42
DEN,14,ZACHARIASSEN Anders,42
DEN,15,JENSEN Magnus Saugstrup,42
DEN,17,SVAN Lasse J.,42
DEN,20,MOLLER Kevin,42
DEN,21,JENSEN Henrik Mollgaard,42
DEN,22,LARSEN Mads Mensah,42
DEN,24,HANSEN Mikkel,42
DEN,25,OLSEN Morten Toft,42
DEN,26,HANSEN Johan P.,42
DEN,28,ANDERSSON Lasse B.,42
DEN,31,NIELSEN Nikolaj Oris,42
DEN,33,GIDSEL Mathias,42
DEN,34,JENSEN Simon Hald,42
DEN,4,JACOBSEN Magnus Landin,42
DEN,5,BRAMMING Magnus,42
ESP,1,PEREZ de VARGAS MORENO Gonzalo,43
ESP,10,DUJSHEBAEV DOVICHEBAEVA Alex,43
ESP,11,SARMIENTO MELIAN Daniel,43
ESP,12,CORRALES RODAL Rodrigo,43
ESP,14,SOLE SALA Ferran,43
ESP,17,FIGUERAS TREJO Adrian,43
ESP,21,CANELLAS REIXACH Joan,43
ESP,24,MORROS de ARGILA Viran,43
ESP,28,GOMEZ ABELLO Aleix,43
ESP,29,ARINO BENGOECHEA Aitor,43
ESP,30,GUARDIOLA VILLAPLANA Gedeon,43
ESP,5,MAQUEDA PENO Jorge,43
ESP,52,MARCHAN CRIADO Ruben,43
ESP,59,DUJSHEBAEV DOVICHEBAEVA Daniel,43
ESP,6,FERNANDEZ PEREZ Angel,43
ESP,9,ENTRERRIOS RODRIGUEZ Raul,43
TUN,12,MAGGAIZ Marouen,43
TUN,15,HAJ YOUSSEF Khaled,43
TUN,19,SANAI Mosbah,43
TUN,22,MAAREF Yousef,43
TUN,27,RZIG Issam,43
TUN,39,SOUSSI Mohamed,43
TUN,55,TOUMI Ghassen,43
TUN,66,JBELI Islem,43
TUN,69,JABALLAH Jihed,43
TUN,7,MAJDOUB Ramzi,43
TUN,71,DARMOUL Mohamed Amine,43
TUN,77,ZAIED Skander,43
TUN,8,FEKIH Rami,43
TUN,94,HARBAOUI Mehdi Sadri,43
TUN,96,BEN ABDALLAH Anouar,43
TUN,97,MARGHELI Achraf,43
BRA,1,SANTOS Maik,44
BRA,10,TOLEDO Jose,44
BRA,13,MORAES Rogerio,44
BRA,16,da ROSA Rangel,44
BRA,19,CHIUFFA Fabio,44
BRA,2,TEIXEIRA Henrique,44
BRA,25,TEIXEIRA Vinicius,44
BRA,30,PATRIANOVA Arthur,44
BRA,33,DUTRA Leonardo,44
BRA,34,LUCIANO Jose,44
BRA,35,PONCIANO Thiago,44
BRA,37,LANGARO Haniel,44
BRA,4,SILVA Joao,44
BRA,5,TORRIANI Guilherme,44
BRA,77,HACKBARTH Rudolph,44
BRA,95,RODRIGUES Gustavo,44
POL,11,MAJDZINSKI Maciej,44
POL,16,WYSZOMIRSKI Piotr,44
POL,19,CZUWARA Jan,44
POL,20,PILITOWSKI Maciej,44
POL,23,MORYTO Arkadiusz,44
POL,26,DASZEK Michal,44
POL,28,GEBALA Maciej,44
POL,30,PRZYBYLSKI Rafal,44
POL,36,DAWYDZIK Dawid,44
POL,4,OLEJNICZAK Michal,44
POL,48,GEBALA Tomasz,44
POL,49,CHRAPKOWSKI Piotr,44
POL,6,KRAJEWSKI Przemyslaw,44
POL,7,WALCZAK Patryk,44
POL,9,SICKO Szymon,44
POL,94,MORAWSKI Adam,44
GER,1,BITTER Johannes,46
GER,15,KNORR Juri,46
GER,18,FIRNHABER Sebastian,46
GER,20,WEBER Philipp,46
GER,24,GROETZKI Patrick,46
GER,25,HAFNER Kai,46
GER,27,METZNER Antonio,46
GER,3,GENSHEIMER Uwe,46
GER,31,SCHILLER Marcel,46
GER,33,WOLF Andreas,46
GER,35,KUHN Julius,46
GER,38,BOHM Fabian,46
GER,4,GOLLA Johannes,46
GER,73,KASTENING Timo,46
GER,77,SCHMIDT David,46
GER,95,DRUX Paul,46
HUN,12,SZEKELY Marton,46
HUN,16,MIKLER Roland,46
HUN,17,NAGY Bence,46
HUN,2,SIPOS Adrian,46
HUN,20,ROSTA Miklos,46
HUN,22,SUNAJKO Stefan,46
HUN,23,MATHE Dominik,46
HUN,25,RODRIGUEZ ALVAREZ Pedro,46
HUN,27,BANHIDI Bence,46
HUN,30,SZITA Zoltan,46
HUN,33,ANCSIN Gabor,46
HUN,39,BODO Richard,46
HUN,47,HORNYAK Peter,46
HUN,66,LEKAI Mate,46
HUN,7,BOKA Bendeguz,46
HUN,9,BALOGH Zsolt,46
ANG,10,NASCIMENTO Manuel Antonio Domingos,47
ANG,11,COUVEIRO Feliciano Nunes,47
ANG,13,TATI Mario De Jesus Ntida,47
ANG,14,CHICOLA Claudio A. Patricio,47
ANG,15,PANZO Mayomona Antonio,47
ANG,16,MUACHISSENGUE Giovany R. De Nelumba,47
ANG,17,ABREU Edgar Emanuel M,47
ANG,20,GOUVEIA Custodio Joao,47
ANG,22,ANTONIO Elias,47
ANG,3,AGUIAR Jaroslav Catraio Joao De,47
ANG,4,TECA Gabriel Massuca,47
ANG,5,HEBO Rome Antonio Diogo,47
ANG,7,LOPES Claudio Carneiro,47
ANG,79,FERREIRA Edvaldo L. Da Silva,47
ANG,8,PASCOAL Otiniel A. Cachacha,47
ANG,9,MANECO Adilson Bruno Celestino,47
JPN,12,IWASHITA Yuta,47
JPN,13,KASAHARA Kenya,47
JPN,14,KITAZUME Asumi,47
JPN,18,NARITA Kohei,47
JPN,19,TOKUDA Shinnosuke,47
JPN,20,WATANABE Jin,47
JPN,21,DOI Remi Anri,47
JPN,25,MOTOKI Hiroki,47
JPN,27,TAMAKAWA Hiroyasu,47
JPN,31,YOSHINO Tatsuki,47
JPN,33,AGARIE Yuto,47
JPN,38,MIZUMACHI Kotaro,47
JPN,39,NAKAMURA Takumi,47
JPN,40,TAKANO Sota,47
JPN,41,TOKUDA Rennosuke,47
JPN,43,YOSHIDA Shuichi,47
CRO,12,PESIC Ivan,48
CRO,13,HORVAT Zlatko,48
CRO,15,KEVIC Janko,48
CRO,17,SARAC Josip,48
CRO,26,STRLEK Manuel,48
CRO,27,CUPIC Ivan,48
CRO,28,MUSA Zeljko,48
CRO,3,MARIC Marino,48
CRO,30,MAMIC Marko,48
CRO,31,SEBETIC Luka,48
CRO,34,BROZOVIC Ilija,48
CRO,39,MANDIC David,48
CRO,45,JAGANJAC Halil,48
CRO,5,DUVNJAK Domagoj,48
CRO,51,MARTINOVIC Ivan,48
CRO,55,SEGO Marin,48
QAT,10,MARZO Frankis,48
QAT,12,SARIC Danijel,48
QAT,13,ABIDI Mohamed,48
QAT,19,SASSI Marwan,48
QAT,2,ALKRAD Mustafa,48
QAT,20,DAMJANOVIC Jovo,48
QAT,23,BERRACHED Allaedine,48
QAT,37,SAMI Yassine,48
QAT,4,MABROUK Hassan,48
QAT,41,ALI Youssef,48
QAT,44,GUEHIS Amine,48
QAT,66,ABDELFATTAH Omar,48
QAT,7,MADADI Ahmad,48
QAT,81,DHIAB Amor,48
QAT,86,HASSABALLA Mahmoud,48
QAT,94,ZAKKAR Ameen,48
