match_id,team,number,player
1,CHI,1,BARRIENTOS Felipe
1,CHI,10,FEUCHTMANN Emil
1,CHI,11,SALINAS Esteban
1,CHI,12,GARCIA Felipe
1,CHI,16,GONZALEZ Vicente
1,CHI,17,SALINAS Rodrigo
1,CHI,2,CEBALLOS Sebastian
1,CHI,20,PAVEZ Sebastian
1,CHI,21,FEUCHTMANN Harald
1,CHI,23,CALLEJA Benjamin
1,CHI,29,ONETO Marco
1,CHI,30,AYALA Daniel
1,CHI,4,FEUCHTMANN Erwin
1,CHI,7,REYES Diego
1,CHI,77,DONOSO Victor
1,CHI,9,FRELIJJ Javier
1,EGY,11,MOAMEN Ahmed
1,EGY,15,HESHAM Ahmed
1,EGY,24,ELMASRY Ibrahim
1,EGY,25,NAWAR Wisam
1,EGY,31,ELWAKIL Omar
1,EGY,39,ELDERAA Yehia
1,EGY,42,KADDAH Hassan
1,EGY,45,ELDERAA Seif
1,EGY,5,OMAR Yahia
1,EGY,53,YOUSRI Akram
1,EGY,55,RAMADAN Mohsen
1,EGY,88,HENDAWY Karim
1,EGY,89,MAMDOUH Mohamed
1,EGY,90,ZEIN Ali
1,EGY,91,SANAD Mohammad
1,EGY,96,ELTAYAR Mohamed
2,MKD,1,MITREVSKI Nikola
2,MKD,11,TALESKI Filip
2,MKD,12,TOMOVSKI Martin
2,MKD,17,MARKOSKI Nikola
2,MKD,18,KUZMANOVSKI Filip
2,MKD,19,KOSTESKI Nenad
2,MKD,21,TANKOSKI Mario
2,MKD,28,POPOVSKI Martin
2,MKD,29,GEORGIEVSKI Darko
2,MKD,33,PESHEVSKI Zharko
2,MKD,4,VELKOVSKI Martin
2,MKD,5,STOILOV Stojanche
2,MKD,6,DIMITRIOSKI Dimitar
2,MKD,7,LAZAROV Kiril
2,MKD,8,KUZMANOSKI Cvetan
2,MKD,97,MISHEVSKI Marko
2,SWE,11,PETTERSSON Daniel
2,SWE,12,PALICKA Andreas
2,SWE,15,WANNE Hampus
2,SWE,16,AGGEFORS Mikael
2,SWE,18,PETTERSSON Fredric
2,SWE,19,CLAAR Felix
2,SWE,2,CARLSBOGARD Jonathan
2,SWE,22,PELLAS Lucas
2,SWE,24,GOTTFRIDSSON Jim
2,SWE,26,PERSSON Linus
2,SWE,27,SUNNEFELDT Oskar
2,SWE,28,EDVARDSSON Jonathan
2,SWE,33,SANDELL Lukas
2,SWE,5,DARJ Max
2,SWE,62,CHRINTZ Valter
2,SWE,8,JONSSON Alfred
3,ALG,12,BENMENNI Abdellah
3,ALG,13,CHEHBOUR Riad
3,ALG,15,SAKER Redouane
3,ALG,18,KAABECHE Hichem
3,ALG,19,ENSAAD Oqba
3,ALG,2,NAIM Zohir
3,ALG,21,BOUDJENAH Oussem
3,ALG,22,GHEDBANE Khalifa
3,ALG,23,ABDERAHIM Berriah
3,ALG,36,ABDELKADER Rahim
3,ALG,4,HELLAL Nouredine
3,ALG,44,HADJ SADOK Moustapha
3,ALG,6,BERKOUS Messaoud
3,ALG,7,HICHEM Daoud
3,ALG,77,ARIB Reda
3,ALG,87,AYOUB Abdi
3,MAR,1,IDRISSI Yassine
3,MAR,10,ZAROILI Mohamed
3,MAR,12,LAAROUSSI Alae
3,MAR,13,HAKIMI Hicham
3,MAR,18,BELLIMAM Lahcen
3,MAR,21,FOUGANI Nacym Hamed
3,MAR,24,EZZINE Mohammed
3,MAR,46,HARCHAOUI Amine
3,MAR,7,REIDA Rezzouki
3,MAR,8,BENTALEB Mohamed Amine
3,MAR,91,ADLI Achraf
3,MAR,92,EL KACHRADI Hassan
3,MAR,93,LAKBI Ryad
3,MAR,94,ISMAILI  ALAOUI Mehdi
3,MAR,97,EL MALKI Said
3,MAR,99,SLASSI Nabil
4,ISL,11,GISLASON Ymir Orn
4,ISL,13,GUDMUNDSSON Olafur Andres
4,ISL,14,MAGNUSSON Omar Ingi
4,ISL,15,PETERSSON Alexander
4,ISL,16,HALLGRIMSSON Viktor Gisli
4,ISL,17,GUNNARSSON Arnor Thor
4,ISL,18,KRISTJANSSON Gisli Thorgeir
4,ISL,20,BJORGVINSSON Agust Eli
4,ISL,21,ARNARSSON Arnar Freyr
4,ISL,22,GUDJONSSON Sigvaldi Bjorn
4,ISL,23,GRETARSSON Oddur
4,ISL,29,VIDARSSON Ellidi Snaer
4,ISL,33,SMARASON Janus Dadi
4,ISL,7,KRISTJANSSON Viggo
4,ISL,8,ELISSON Bjarki Mar
4,ISL,9,JONSSON Elvar Orn
4,POR,1,QUINTANA Alfredo
4,POR,10,MARTINS Miguel
4,POR,11,MOREIRA Belone
4,POR,14,SILVA Rui
4,POR,15,SALINA Daymaro
4,POR,16,GOMES Humberto
4,POR,22,BORGES Alexis
4,POR,23,BRANQUINHO Diogo
4,POR,25,AREIA Antonio
4,POR,27,GOMES Andre
4,POR,30,FERNANDES Leonel
4,POR,4,PORTELA Pedro
4,POR,5,DUARTE Gilberto
4,POR,8,ITURRIZA Victor
4,POR,88,MAGALHAES Fabio
4,POR,9,FERRAZ Joao
5,AUT,1,BAUER Thomas
5,AUT,20,FRIMMEL Sebastian
5,AUT,24,DICKER Daniel
5,AUT,26,HERBURGER Lukas
5,AUT,28,ZEINER Gerald
5,AUT,30,ZIVKOVIC Boris
5,AUT,31,PRATSCHNER Julian
5,AUT,4,HERMANN Maximilian
5,AUT,40,EICHBERGER Thomas
5,AUT,55,WAGNER Tobias
5,AUT,57,HUBER Balthasar
5,AUT,6,SCHMID Dominik
5,AUT,60,JOCHMANN Jakob
5,AUT,72,HUTECEK Lukas
5,AUT,77,STEVANOVIC Nikola
5,AUT,8,WEBER Robert
5,SUI,11,SIDOROWICZ Roman
5,SUI,15,RAEMY Nicolas
5,SUI,16,PORTNER Nikola
5,SUI,17,ROTHLISBERGER Samuel
5,SUI,2,SCHMID Andy
5,SUI,24,TOMINEC Nik
5,SUI,27,GERBL Maximilian
5,SUI,29,ZEHNDER Samuel
5,SUI,31,BRINGOLF Aurel
5,SUI,34,MILOSEVIC Alen
5,SUI,36,NOVAK Philip
5,SUI,4,RUBIN Lenny
5,SUI,44,BEN ROMDHANE Medhi
5,SUI,6,TYNOWSKI Cedrie
5,SUI,8,SVAJLEN Michal
5,SUI,9,LIER Marvin
6,FRA,10,MEM Dika
6,FRA,11,TOURNAT Nicolas
6,FRA,12,GERARD Vincent
6,FRA,14,MAHE Kentin
6,FRA,17,N'GUESSAN Timothey
6,FRA,19,ABALO Luc
6,FRA,21,GUIGOU Michael
6,FRA,22,KARABATIC Luka
6,FRA,23,FABREGAS Ludovic
6,FRA,24,PARDIN Wesley
6,FRA,25,DESCAT Hugo
6,FRA,27,DIPANDA Adrien
6,FRA,28,PORTE Valentin
6,FRA,5,REMILI Nedim
6,FRA,7,LAGARDE Romain
6,FRA,9,RICHARDSON Melvyn
6,NOR,11,OVERBY Petter
6,NOR,12,SAEVERAS Kristian
6,NOR,15,TONNESEN Kent Robin
6,NOR,17,JONDAL Magnus
6,NOR,18,AAR William
6,NOR,19,BJORNSEN Kristian
6,NOR,23,JOHANNESSEN Goran Sogard
6,NOR,25,TANGEN Eivind
6,NOR,27,REINKIND Harald
6,NOR,30,BERGERUD Torbjorn Sittrup
6,NOR,32,SOLSTAD Thomas
6,NOR,5,SAGOSEN Sander
6,NOR,7,OVERJORDET Sander
6,NOR,71,BLONZ Alexandre Christoffersen
6,NOR,8,MYRHOL Bjarte
6,NOR,9,JAKOBSEN Henrik
7,BLR,17,KRYVENKA Uladzislau
7,BLR,20,KISHOU  Aliaksei
7,BLR,23,YURYNOK Andrei
7,BLR,3,KULESH Uladzislau
7,BLR,33,MAROZ Ivan
7,BLR,43,SELVIASIUK Artsiom
7,BLR,47,PADSHYVALAU Aliaksandr
7,BLR,50,KARALEK Artsem
7,BLR,55,VAILUPAU Mikita
7,BLR,62,SAMOILA Kiryl
7,BLR,7,KULAK Artsiom
7,BLR,74,BOKHAN Viachaslau
7,BLR,8,RUDZ Artur
7,BLR,9,ASTRASHAPKIN Aleh
7,BLR,95,GAYDUCHENKO Vadim
7,BLR,98,ALIOKHIN Mikalai
7,RHF,16,PAVLENKO Dmitrii
7,RHF,17,KOTOV Aleksandr
7,RHF,23,OSTASHCHENKO Roman
7,RHF,27,VASILEV Denis
7,RHF,28,KUDINOV Sergei
7,RHF,30,ERMAKOV Aleksandr
7,RHF,33,SHISHKAREV Daniil
7,RHF,36,IVANOV Sergei
7,RHF,44,SOROKA Igor
7,RHF,5,KISELEV Dmitrii
7,RHF,55,VALIULLIN Azat
7,RHF,78,ANDREEV Pavel
7,RHF,87,KIREEV Viktor
7,RHF,89,ZHITNIKOV Dmitrii
7,RHF,97,FOKIN Aleksei
7,RHF,99,KOSOROTOV Sergei Mark
8,KOR,10,YU Chanmin
8,KOR,13,LEE Junhee
8,KOR,19,BAEK Seunggeon
8,KOR,22,LEE Byeongju
8,KOR,23,JEON Youngje
8,KOR,24,KIM Myeongjong
8,KOR,26,KIM Jinyoung
8,KOR,28,KIM Jinho
8,KOR,32,JO Donghyeon
8,KOR,33,KIM Jaesoon
8,KOR,34,KIM Younggil
8,KOR,77,LEE Changwoo
8,KOR,8,KIM Hyeonwoo
8,KOR,87,KIM Jiun
8,KOR,97,KIM Taeung
8,KOR,98,AN Jaepil
8,SLO,11,DOLENEC Jure
8,SLO,13,CINGESAR Darko
8,SLO,16,VUJOVIC Miljan
8,SLO,17,CEHTE Nejc
8,SLO,2,SKUBE Stas
8,SLO,21,GAJIC Dragan
8,SLO,22,GABER Matej
8,SLO,23,ZARABEC Miha
8,SLO,26,FERLIN Klemen
8,SLO,3,BLAGOTINSEK Blaz
8,SLO,34,OVNICEK Rok
8,SLO,44,BOMBAC Dean
8,SLO,5,HENIGMAN Nik
8,SLO,51,MACKOVSEK Borut
8,SLO,8,JANC Blaz
8,SLO,95,SUHOLEZNIK Matic
9,ARG,11,MOSCARIELLO Lucas Dario
9,ARG,15,CAROU MARCEL Gonzalo Matias
9,ARG,18,FISCHER Guillermo Jose
9,ARG,19,MARTINEZ CAMI Pedro
9,ARG,2,FERNANDEZ Federico Gaston
9,ARG,20,MARTINEZ Ramiro
9,ARG,22,MOURINO Gaston Alberto
9,ARG,3,PIZARRO Federico
9,ARG,4,SIMONET Sebastian Alejandro
9,ARG,40,MACIEL Leonel Carlos Sergio
9,ARG,5,VAINSTEIN Pablo
9,ARG,6,SIMONET Diego Esteban
9,ARG,7,PIZARRO Ignacio
9,ARG,77,BONANNO Nicolas
9,ARG,8,SIMONET Pablo Ariel
9,ARG,87,BAR Juan Manuel
9,COD,1,SOBTACDOUG TIETCHOP Berlin
9,COD,10,NGOULOU QUENTIN Andre
9,COD,11,NGANDO OUEDRAOGO Adam
9,COD,12,LUCAU HERDEIRO Junior
9,COD,15,MVUMBI THIERRY Gauthier
9,COD,16,JACOBY KOALY Jordy
9,COD,17,KIANGEBENI KAWOLA Johan
9,COD,18,EYANGA SIMOKETO Baudric
9,COD,22,BEAUREGARD MBAKA Frederic
9,COD,27,BOTETSI Olivier
9,COD,4,YAHOZA MOGA Christian
9,COD,68,TCHITOMBI Aurelien
9,COD,75,CORNEIL OLIVIER Steeven
9,COD,83,KINZONZOLO MIATUDILA Jacques
9,COD,84,TUZOLANA Audray
9,COD,9,BOUITY GENESE Zephyrin
10,BRN,14,QAMBAR Qasim
10,BRN,15,ABDULREDHA Mohamed
10,BRN,18,FADHUL Ahmed
10,BRN,19,MERZA Mohamed
10,BRN,21,A.HUSAIN Mohamed
10,BRN,25,ALSHUWAIKH Qasim
10,BRN,66,MAHFOODH Komail
10,BRN,7,MERZA Ali
10,BRN,77,ALSALATNA Jasim
10,BRN,78,SALMAN Ali
10,BRN,88,ALFARDAN Hasan
10,BRN,89,SAAD Mahdi
10,BRN,9,ALSAMAHIJI Hasan
10,BRN,93,AHMED Mohamed
10,BRN,98,HABIB Mohamed
10,BRN,99,ALSAYYAD Husain
10,DEN,1,JACOBSEN Niklas Landin
10,DEN,14,ZACHARIASSEN Anders
10,DEN,15,JENSEN Magnus Saugstrup
10,DEN,17,SVAN Lasse J.
10,DEN,20,MOLLER Kevin
10,DEN,21,JENSEN Henrik Mollgaard
10,DEN,22,LARSEN Mads Mensah
10,DEN,24,HANSEN Mikkel
10,DEN,25,OLSEN Morten Toft
10,DEN,26,HANSEN Johan P.
10,DEN,28,ANDERSSON Lasse B.
10,DEN,31,NIELSEN Nikolaj Oris
10,DEN,32,HOLM Jacob T.
10,DEN,33,GIDSEL Mathias
10,DEN,34,JENSEN Simon Hald
10,DEN,4,JACOBSEN Magnus Landin
11,BRA,1,SANTOS Maik
11,BRA,10,TOLEDO Jose
11,BRA,13,MORAES Rogerio
11,BRA,16,da ROSA Rangel
11,BRA,19,CHIUFFA Fabio
11,BRA,2,TEIXEIRA Henrique
11,BRA,25,TEIXEIRA Vinicius
11,BRA,30,PATRIANOVA Arthur
11,BRA,33,DUTRA Leonardo
11,BRA,34,LUCIANO Jose
11,BRA,35,PONCIANO Thiago
11,BRA,37,LANGARO Haniel
11,BRA,4,SILVA Joao
11,BRA,77,HACKBARTH Rudolph
11,BRA,89,ALMEIDA Cesar
11,BRA,95,RODRIGUES Gustavo
11,ESP,1,PEREZ de VARGAS MORENO Gonzalo
11,ESP,10,DUJSHEBAEV DOVICHEBAEVA Alex
11,ESP,11,SARMIENTO MELIAN Daniel
11,ESP,12,CORRALES RODAL Rodrigo
11,ESP,14,SOLE SALA Ferran
11,ESP,17,FIGUERAS TREJO Adrian
11,ESP,21,CANELLAS REIXACH Joan
11,ESP,24,MORROS de ARGILA Viran
11,ESP,28,GOMEZ ABELLO Aleix
11,ESP,29,ARINO BENGOECHEA Aitor
11,ESP,30,GUARDIOLA VILLAPLANA Gedeon
11,ESP,5,MAQUEDA PENO Jorge
11,ESP,52,MARCHAN CRIADO Ruben
11,ESP,59,DUJSHEBAEV DOVICHEBAEVA Daniel
11,ESP,6,FERNANDEZ PEREZ Angel
11,ESP,9,ENTRERRIOS RODRIGUEZ Raul
12,POL,11,MAJDZINSKI Maciej
12,POL,16,WYSZOMIRSKI Piotr
12,POL,19,CZUWARA Jan
12,POL,20,PILITOWSKI Maciej
12,POL,23,MORYTO Arkadiusz
12,POL,26,DASZEK Michal
12,POL,28,GEBALA Maciej
12,POL,30,PRZYBYLSKI Rafal
12,POL,36,DAWYDZIK Dawid
12,POL,4,OLEJNICZAK Michal
12,POL,48,GEBALA Tomasz
12,POL,49,CHRAPKOWSKI Piotr
12,POL,6,KRAJEWSKI Przemyslaw
12,POL,7,WALCZAK Patryk
12,POL,9,SICKO Szymon
12,POL,94,MORAWSKI Adam
12,TUN,12,MAGGAIZ Marouen
12,TUN,15,HAJ YOUSSEF Khaled
12,TUN,19,SANAI Mosbah
12,TUN,22,MAAREF Yousef
12,TUN,27,RZIG Issam
12,TUN,39,SOUSSI Mohamed
12,TUN,55,TOUMI Ghassen
12,TUN,66,JBELI Islem
12,TUN,69,JABALLAH Jihed
12,TUN,7,MAJDOUB Ramzi
12,TUN,71,DARMOUL Mohamed Amine
12,TUN,77,ZAIED Skander
12,TUN,92,JAZIRI Oussama
12,TUN,94,HARBAOUI Mehdi Sadri
12,TUN,96,BEN ABDALLAH Anouar
12,TUN,97,MARGHELI Achraf
13,GER,1,BITTER Johannes
13,GER,12,HEINEVETTER Silvio
13,GER,15,KNORR Juri
13,GER,18,FIRNHABER Sebastian
13,GER,20,WEBER Philipp
13,GER,22,MICHALZCIK Marian
13,GER,25,HAFNER Kai
13,GER,3,GENSHEIMER Uwe
13,GER,31,SCHILLER Marcel
13,GER,35,KUHN Julius
13,GER,38,BOHM Fabian
13,GER,4,GOLLA Johannes
13,GER,73,KASTENING Timo
13,GER,77,SCHMIDT David
13,GER,9,REICHMANN Tobias
13,GER,95,DRUX Paul
13,URU,1,NAVARRETE GAMBINO Luis Felipe
13,URU,10,SPANGENBERG TORRE Gabriel
13,URU,11,FALABRINO MEDINA Diego
13,URU,13,CANCIO CASAS Maximo Esteban
13,URU,15,MENDEZ SUAREZ Bruno Valentin
13,URU,16,GONZALEZ ALLOZA Felipe Alfonso
13,URU,17,MORANDEIRA Diego
13,URU,19,BOTEJARA MERINGOLO Rodrigo Javier
13,URU,2,CHAPARRO ALMADA Gabriel
13,URU,20,RUBBO RODRIGUEZ Federico
13,URU,24,VELAZCO FERNANDEZ Alejandro Martin
13,URU,34,GOYOAGA ALONSO Geronimo
13,URU,36,ROSTAGNO RIOS Christian David
13,URU,4,LISTON GALBARINI Facundo Manuel
13,URU,74,MILLAN FLORES Guillermo
13,URU,9,FABRA GENTILE Nicolas Gonzalo
14,CPV,1,ALMEIDA Luis
14,CPV,12,FERNANDES Elcio
14,CPV,13,MORENO Paulo
14,CPV,15,PEREIRA Alexandre
14,CPV,19,FURTADO Admilson Estaliny
14,CPV,2,dos SANTOS Gil Baiano
14,CPV,29,LANDIM Felisberto
14,CPV,3,PINA Delcio
14,CPV,44,FURTADO Gualther
14,CPV,5,ARAUJO Edmilson
14,CPV,6,SEMEDO Leandro
14,HUN,15,GYORI Matyas
14,HUN,16,MIKLER Roland
14,HUN,17,NAGY Bence
14,HUN,2,SIPOS Adrian
14,HUN,20,ROSTA Miklos
14,HUN,22,SUNAJKO Stefan
14,HUN,23,MATHE Dominik
14,HUN,24,BORBELY Adam
14,HUN,27,BANHIDI Bence
14,HUN,3,TOPIC Petar
14,HUN,30,SZITA Zoltan
14,HUN,33,ANCSIN Gabor
14,HUN,47,HORNYAK Peter
14,HUN,66,LEKAI Mate
14,HUN,77,HANUSZ Egon
14,HUN,9,BALOGH Zsolt
15,ANG,10,NASCIMENTO Manuel Antonio Domingos
15,ANG,13,TATI Mario De Jesus Ntida
15,ANG,14,CHICOLA Claudio A. Patricio
15,ANG,15,PANZO Mayomona Antonio
15,ANG,16,MUACHISSENGUE Giovany R. De Nelumba
15,ANG,2,QUITONGO Agnelo Adao Tavares
15,ANG,20,GOUVEIA Custodio Joao
15,ANG,21,PESTANA Adelino Anderson
15,ANG,22,ANTONIO Elias
15,ANG,3,AGUIAR Jaroslav Catraio Joao De
15,ANG,4,TECA Gabriel Massuca
15,ANG,5,HEBO Rome Antonio Diogo
15,ANG,7,LOPES Claudio Carneiro
15,ANG,79,FERREIRA Edvaldo L. Da Silva
15,ANG,8,PASCOAL Otiniel A. Cachacha
15,ANG,9,MANECO Adilson Bruno Celestino
15,QAT,10,MARZO Frankis
15,QAT,12,SARIC Danijel
15,QAT,13,ABIDI Mohamed
15,QAT,19,SASSI Marwan
15,QAT,2,ALKRAD Mustafa
15,QAT,20,DAMJANOVIC Jovo
15,QAT,23,BERRACHED Allaedine
15,QAT,33,ROMANE Houssem
15,QAT,37,SAMI Yassine
15,QAT,4,MABROUK Hassan
15,QAT,44,GUEHIS Amine
15,QAT,66,ABDELFATTAH Omar
15,QAT,7,MADADI Ahmad
15,QAT,81,DHIAB Amor
15,QAT,86,HASSABALLA Mahmoud
15,QAT,94,ZAKKAR Ameen
16,CRO,12,PESIC Ivan
16,CRO,13,HORVAT Zlatko
16,CRO,17,SARAC Josip
16,CRO,26,STRLEK Manuel
16,CRO,27,CUPIC Ivan
16,CRO,28,MUSA Zeljko
16,CRO,3,MARIC Marino
16,CRO,30,MAMIC Marko
16,CRO,31,SEBETIC Luka
16,CRO,33,CINDRIC Luka
16,CRO,34,BROZOVIC Ilija
16,CRO,35,SUNJIC Mate
16,CRO,39,MANDIC David
16,CRO,5,DUVNJAK Domagoj
16,CRO,51,MARTINOVIC Ivan
16,CRO,53,SIPIC Marin
16,JPN,12,IWASHITA Yuta
16,JPN,13,KASAHARA Kenya
16,JPN,14,KITAZUME Asumi
16,JPN,18,NARITA Kohei
16,JPN,19,TOKUDA Shinnosuke
16,JPN,20,WATANABE Jin
16,JPN,21,DOI Remi Anri
16,JPN,22,SAKAI Motoki
16,JPN,25,MOTOKI Hiroki
16,JPN,27,TAMAKAWA Hiroyasu
16,JPN,31,YOSHINO Tatsuki
16,JPN,33,AGARIE Yuto
16,JPN,36,DEMURA Naotsugu
16,JPN,38,MIZUMACHI Kotaro
16,JPN,40,TAKANO Sota
16,JPN,41,TOKUDA Rennosuke
17,EGY,11,MOAMEN Ahmed
17,EGY,15,HESHAM Ahmed
17,EGY,24,ELMASRY Ibrahim
17,EGY,25,NAWAR Wisam
17,EGY,31,ELWAKIL Omar
17,EGY,39,ELDERAA Yehia
17,EGY,42,KADDAH Hassan
17,EGY,45,ELDERAA Seif
17,EGY,5,OMAR Yahia
17,EGY,53,YOUSRI Akram
17,EGY,66,ELAHMAR Ahmed
17,EGY,88,HENDAWY Karim
17,EGY,89,MAMDOUH Mohamed
17,EGY,90,ZEIN Ali
17,EGY,91,SANAD Mohammad
17,EGY,96,ELTAYAR Mohamed
17,MKD,1,MITREVSKI Nikola
17,MKD,11,TALESKI Filip
17,MKD,12,TOMOVSKI Martin
17,MKD,17,MARKOSKI Nikola
17,MKD,18,KUZMANOVSKI Filip
17,MKD,19,KOSTESKI Nenad
17,MKD,21,TANKOSKI Mario
17,MKD,28,POPOVSKI Martin
17,MKD,29,GEORGIEVSKI Darko
17,MKD,33,PESHEVSKI Zharko
17,MKD,4,VELKOVSKI Martin
17,MKD,5,STOILOV Stojanche
17,MKD,6,DIMITRIOSKI Dimitar
17,MKD,7,LAZAROV Kiril
17,MKD,8,KUZMANOSKI Cvetan
17,MKD,97,MISHEVSKI Marko
18,CHI,1,BARRIENTOS Felipe
18,CHI,10,FEUCHTMANN Emil
18,CHI,11,SALINAS Esteban
18,CHI,12,GARCIA Felipe
18,CHI,16,GONZALEZ Vicente
18,CHI,17,SALINAS Rodrigo
18,CHI,2,CEBALLOS Sebastian
18,CHI,20,PAVEZ Sebastian
18,CHI,21,FEUCHTMANN Harald
18,CHI,23,CALLEJA Benjamin
18,CHI,29,ONETO Marco
18,CHI,30,AYALA Daniel
18,CHI,4,FEUCHTMANN Erwin
18,CHI,7,REYES Diego
18,CHI,77,DONOSO Victor
18,CHI,9,FRELIJJ Javier
18,SWE,11,PETTERSSON Daniel
18,SWE,12,PALICKA Andreas
18,SWE,15,WANNE Hampus
18,SWE,16,AGGEFORS Mikael
18,SWE,18,PETTERSSON Fredric
18,SWE,19,CLAAR Felix
18,SWE,2,CARLSBOGARD Jonathan
18,SWE,22,PELLAS Lucas
18,SWE,24,GOTTFRIDSSON Jim
18,SWE,26,PERSSON Linus
18,SWE,27,SUNNEFELDT Oskar
18,SWE,28,EDVARDSSON Jonathan
18,SWE,33,SANDELL Lukas
18,SWE,5,DARJ Max
18,SWE,62,CHRINTZ Valter
18,SWE,8,JONSSON Alfred
19,MAR,1,IDRISSI Yassine
19,MAR,10,ZAROILI Mohamed
19,MAR,12,LAAROUSSI Alae
19,MAR,13,HAKIMI Hicham
19,MAR,15,OUZROUR Younes
19,MAR,18,BELLIMAM Lahcen
19,MAR,21,FOUGANI Nacym Hamed
19,MAR,24,EZZINE Mohammed
19,MAR,46,HARCHAOUI Amine
19,MAR,7,REIDA Rezzouki
19,MAR,8,BENTALEB Mohamed Amine
19,MAR,91,ADLI Achraf
19,MAR,92,EL KACHRADI Hassan
19,MAR,93,LAKBI Ryad
19,MAR,94,ISMAILI  ALAOUI Mehdi
19,MAR,99,SLASSI Nabil
19,POR,1,QUINTANA Alfredo
19,POR,10,MARTINS Miguel
19,POR,11,MOREIRA Belone
19,POR,14,SILVA Rui
19,POR,15,SALINA Daymaro
19,POR,16,GOMES Humberto
19,POR,23,BRANQUINHO Diogo
19,POR,25,AREIA Antonio
19,POR,27,GOMES Andre
19,POR,30,FERNANDES Leonel
19,POR,33,SILVA Diogo
19,POR,4,PORTELA Pedro
19,POR,5,DUARTE Gilberto
19,POR,8,ITURRIZA Victor
19,POR,82,FRADE Luis
19,POR,88,MAGALHAES Fabio
20,ALG,12,BENMENNI Abdellah
20,ALG,13,CHEHBOUR Riad
20,ALG,15,SAKER Redouane
20,ALG,18,KAABECHE Hichem
20,ALG,2,NAIM Zohir
20,ALG,21,BOUDJENAH Oussem
20,ALG,22,GHEDBANE Khalifa
20,ALG,23,ABDERAHIM Berriah
20,ALG,36,ABDELKADER Rahim
20,ALG,4,HELLAL Nouredine
20,ALG,44,HADJ SADOK Moustapha
20,ALG,6,BERKOUS Messaoud
20,ALG,7,HICHEM Daoud
20,ALG,77,ARIB Reda
20,ALG,8,HADIDI Aaladine
20,ALG,87,AYOUB Abdi
20,ISL,1,GUSTAVSSON Bjorgvin Pall
20,ISL,11,GISLASON Ymir Orn
20,ISL,13,GUDMUNDSSON Olafur Andres
20,ISL,14,MAGNUSSON Omar Ingi
20,ISL,15,PETERSSON Alexander
20,ISL,17,GUNNARSSON Arnor Thor
20,ISL,18,KRISTJANSSON Gisli Thorgeir
20,ISL,20,BJORGVINSSON Agust Eli
20,ISL,21,ARNARSSON Arnar Freyr
20,ISL,22,GUDJONSSON Sigvaldi Bjorn
20,ISL,23,GRETARSSON Oddur
20,ISL,24,MAGNUSSON Magnus Oli
20,ISL,29,VIDARSSON Ellidi Snaer
20,ISL,7,KRISTJANSSON Viggo
20,ISL,8,ELISSON Bjarki Mar
20,ISL,9,JONSSON Elvar Orn
21,AUT,1,BAUER Thomas
21,AUT,16,KAIPER Florian
21,AUT,20,FRIMMEL Sebastian
21,AUT,24,DICKER Daniel
21,AUT,26,HERBURGER Lukas
21,AUT,28,ZEINER Gerald
21,AUT,30,ZIVKOVIC Boris
21,AUT,4,HERMANN Maximilian
21,AUT,44,RANFTL Julian
21,AUT,55,WAGNER Tobias
21,AUT,57,HUBER Balthasar
21,AUT,6,SCHMID Dominik
21,AUT,72,HUTECEK Lukas
21,AUT,77,STEVANOVIC Nikola
21,AUT,8,WEBER Robert
21,AUT,94,NEUHOLD Christoph
21,FRA,10,MEM Dika
21,FRA,11,TOURNAT Nicolas
21,FRA,12,GERARD Vincent
21,FRA,14,MAHE Kentin
21,FRA,19,ABALO Luc
21,FRA,21,GUIGOU Michael
21,FRA,22,KARABATIC Luka
21,FRA,23,FABREGAS Ludovic
21,FRA,24,PARDIN Wesley
21,FRA,25,DESCAT Hugo
21,FRA,27,DIPANDA Adrien
21,FRA,28,PORTE Valentin
21,FRA,37,ACQUEVILLO Jean Jacques
21,FRA,5,REMILI Nedim
21,FRA,7,LAGARDE Romain
21,FRA,9,RICHARDSON Melvyn
22,NOR,12,SAEVERAS Kristian
22,NOR,15,TONNESEN Kent Robin
22,NOR,17,JONDAL Magnus
22,NOR,18,AAR William
22,NOR,19,BJORNSEN Kristian
22,NOR,23,JOHANNESSEN Goran Sogard
22,NOR,24,O`SULLIVAN Christian
22,NOR,27,REINKIND Harald
22,NOR,30,BERGERUD Torbjorn Sittrup
22,NOR,32,SOLSTAD Thomas
22,NOR,44,GULLIKSEN Kevin Maagero
22,NOR,5,SAGOSEN Sander
22,NOR,7,OVERJORDET Sander
22,NOR,71,BLONZ Alexandre Christoffersen
22,NOR,8,MYRHOL Bjarte
22,NOR,9,JAKOBSEN Henrik
22,SUI,11,SIDOROWICZ Roman
22,SUI,12,GRAZIOLI Leonard
22,SUI,15,RAEMY Nicolas
22,SUI,16,PORTNER Nikola
22,SUI,17,ROTHLISBERGER Samuel
22,SUI,2,SCHMID Andy
22,SUI,24,TOMINEC Nik
22,SUI,29,ZEHNDER Samuel
22,SUI,31,BRINGOLF Aurel
22,SUI,34,MILOSEVIC Alen
22,SUI,36,NOVAK Philip
22,SUI,4,RUBIN Lenny
22,SUI,44,BEN ROMDHANE Medhi
22,SUI,6,TYNOWSKI Cedrie
22,SUI,8,SVAJLEN Michal
22,SUI,9,LIER Marvin
23,BLR,17,KRYVENKA Uladzislau
23,BLR,20,KISHOU Aliaksei
23,BLR,23,YURYNOK Andrei
23,BLR,3,KULESH Uladzislau
23,BLR,33,MAROZ Ivan
23,BLR,43,SELVIASIUK Artsiom
23,BLR,47,PADSHYVALAU Aliaksandr
23,BLR,50,KARALEK Artsem
23,BLR,55,VAILUPAU Mikita
23,BLR,62,SAMOILA Kiryl
23,BLR,7,KULAK Artsiom
23,BLR,74,BOKHAN Viachaslau
23,BLR,8,RUDZ Artur
23,BLR,9,ASTRASHAPKIN Aleh
23,BLR,95,GAYDUCHENKO Vadim
23,BLR,98,ALIOKHIN Mikalai
23,KOR,10,YU Chanmin
23,KOR,13,LEE Junhee
23,KOR,19,BAEK Seunggeon
23,KOR,21,LEE Seungmin
23,KOR,22,LEE Byeongju
23,KOR,23,JEON Youngje
23,KOR,24,KIM Myeongjong
23,KOR,26,KIM Jinyoung
23,KOR,27,YU Myeonghan
23,KOR,28,KIM Jinho
23,KOR,33,KIM Jaesoon
23,KOR,77,LEE Changwoo
23,KOR,83,KANG Jungu
23,KOR,87,KIM Jiun
23,KOR,88,JANG Junyoung
23,KOR,97,KIM Taeung
24,RHF,16,PAVLENKO Dmitrii
24,RHF,17,KOTOV Aleksandr
24,RHF,23,OSTASHCHENKO Roman
24,RHF,27,VASILEV Denis
24,RHF,28,KUDINOV Sergei
24,RHF,30,ERMAKOV Aleksandr
24,RHF,33,SHISHKAREV Daniil
24,RHF,36,IVANOV Sergei
24,RHF,44,SOROKA Igor
24,RHF,5,KISELEV Dmitrii
24,RHF,55,VALIULLIN Azat
24,RHF,78,ANDREEV Pavel
24,RHF,87,KIREEV Viktor
24,RHF,89,ZHITNIKOV Dmitrii
24,RHF,97,FOKIN Aleksei
24,RHF,99,KOSOROTOV Sergei Mark
24,SLO,11,DOLENEC Jure
24,SLO,13,CINGESAR Darko
24,SLO,16,VUJOVIC Miljan
24,SLO,17,CEHTE Nejc
24,SLO,2,SKUBE Stas
24,SLO,21,GAJIC Dragan
24,SLO,22,GABER Matej
24,SLO,23,ZARABEC Miha
24,SLO,26,FERLIN Klemen
24,SLO,3,BLAGOTINSEK Blaz
24,SLO,34,OVNICEK Rok
24,SLO,44,BOMBAC Dean
24,SLO,5,HENIGMAN Nik
24,SLO,51,MACKOVSEK Borut
24,SLO,8,JANC Blaz
24,SLO,95,SUHOLEZNIK Matic
25,ARG,11,MOSCARIELLO Lucas Dario
25,ARG,15,CAROU MARCEL Gonzalo Matias
25,ARG,18,FISCHER Guillermo Jose
25,ARG,19,MARTINEZ CAMI Pedro
25,ARG,2,FERNANDEZ Federico Gaston
25,ARG,20,MARTINEZ Ramiro
25,ARG,22,MOURINO Gaston Alberto
25,ARG,3,PIZARRO Federico
25,ARG,4,SIMONET Sebastian Alejandro
25,ARG,40,MACIEL Leonel Carlos Sergio
25,ARG,5,VAINSTEIN Pablo
25,ARG,7,PIZARRO Ignacio
25,ARG,77,BONANNO Nicolas
25,ARG,8,SIMONET Pablo Ariel
25,ARG,87,BAR Juan Manuel
25,ARG,9,BARONETTO Santiago
25,BRN,11,ALI Abdulla
25,BRN,14,QAMBAR Qasim
25,BRN,15,ABDULREDHA Mohamed
25,BRN,18,FADHUL Ahmed
25,BRN,19,MERZA Mohamed
25,BRN,21,A.HUSAIN Mohamed
25,BRN,25,ALSHUWAIKH Qasim
25,BRN,51,ALMAQABI Ahmed
25,BRN,66,MAHFOODH Komail
25,BRN,7,MERZA Ali
25,BRN,77,ALSALATNA Jasim
25,BRN,88,ALFARDAN Hasan
25,BRN,89,SAAD Mahdi
25,BRN,9,ALSAMAHIJI Hasan
25,BRN,93,AHMED Mohamed
25,BRN,99,ALSAYYAD Husain
26,COD,1,SOBTACDOUG TIETCHOP Berlin
26,COD,10,NGOULOU QUENTIN Andre
26,COD,11,NGANDO OUEDRAOGO Adam
26,COD,12,LUCAU HERDEIRO Junior
26,COD,14,EBANGA NOAH Fabrice
26,COD,15,MVUMBI THIERRY Gauthier
26,COD,16,JACOBY KOALY Jordy
26,COD,17,KIANGEBENI KAWOLA Johan
26,COD,18,EYANGA SIMOKETO Baudric
26,COD,22,BEAUREGARD MBAKA Frederic
26,COD,4,YAHOZA MOGA Christian
26,COD,68,TCHITOMBI Aurelien
26,COD,75,CORNEIL OLIVIER Steeven
26,COD,8,MATHEY JOHN Daniel
26,COD,83,KINZONZOLO MIATUDILA Jacques
26,COD,9,BOUITY GENESE Zephyrin
26,DEN,1,JACOBSEN Niklas Landin
26,DEN,12,NIELSEN Emil
26,DEN,14,ZACHARIASSEN Anders
26,DEN,15,JENSEN Magnus Saugstrup
26,DEN,17,SVAN Lasse J.
26,DEN,21,JENSEN Henrik Mollgaard
26,DEN,22,LARSEN Mads Mensah
26,DEN,24,HANSEN Mikkel
26,DEN,25,OLSEN Morten Toft
26,DEN,26,HANSEN Johan P.
26,DEN,28,ANDERSSON Lasse B.
26,DEN,31,NIELSEN Nikolaj Oris
26,DEN,32,HOLM Jacob T.
26,DEN,33,GIDSEL Mathias
26,DEN,34,JENSEN Simon Hald
26,DEN,4,JACOBSEN Magnus Landin
27,BRA,1,SANTOS Maik
27,BRA,10,TOLEDO Jose
27,BRA,13,MORAES Rogerio
27,BRA,16,da ROSA Rangel
27,BRA,19,CHIUFFA Fabio
27,BRA,2,TEIXEIRA Henrique
27,BRA,25,TEIXEIRA Vinicius
27,BRA,33,DUTRA Leonardo
27,BRA,34,LUCIANO Jose
27,BRA,35,PONCIANO Thiago
27,BRA,37,LANGARO Haniel
27,BRA,4,SILVA Joao
27,BRA,5,TORRIANI Guilherme
27,BRA,77,HACKBARTH Rudolph
27,BRA,89,ALMEIDA Cesar
27,BRA,95,RODRIGUES Gustavo
27,TUN,12,MAGGAIZ Marouen
27,TUN,15,HAJ YOUSSEF Khaled
27,TUN,19,SANAI Mosbah
27,TUN,22,MAAREF Yousef
27,TUN,27,RZIG Issam
27,TUN,39,SOUSSI Mohamed
27,TUN,55,TOUMI Ghassen
27,TUN,66,JBELI Islem
27,TUN,69,JABALLAH Jihed
27,TUN,7,MAJDOUB Ramzi
27,TUN,71,DARMOUL Mohamed Amine
27,TUN,77,ZAIED Skander
27,TUN,92,JAZIRI Oussama
27,TUN,94,HARBAOUI Mehdi Sadri
27,TUN,96,BEN ABDALLAH Anouar
27,TUN,97,MARGHELI Achraf
28,ESP,1,PEREZ de VARGAS MORENO Gonzalo
28,ESP,10,DUJSHEBAEV DOVICHEBAEVA Alex
28,ESP,11,SARMIENTO MELIAN Daniel
28,ESP,12,CORRALES RODAL Rodrigo
28,ESP,14,SOLE SALA Ferran
28,ESP,17,FIGUERAS TREJO Adrian
28,ESP,21,CANELLAS REIXACH Joan
28,ESP,24,MORROS de ARGILA Viran
28,ESP,28,GOMEZ ABELLO Aleix
28,ESP,29,ARINO BENGOECHEA Aitor
28,ESP,30,GUARDIOLA VILLAPLANA Gedeon
28,ESP,5,MAQUEDA PENO Jorge
28,ESP,52,MARCHAN CRIADO Ruben
28,ESP,59,DUJSHEBAEV DOVICHEBAEVA Daniel
28,ESP,6,FERNANDEZ PEREZ Angel
28,ESP,9,ENTRERRIOS RODRIGUEZ Raul
28,POL,11,MAJDZINSKI Maciej
28,POL,16,WYSZOMIRSKI Piotr
28,POL,19,CZUWARA Jan
28,POL,20,PILITOWSKI Maciej
28,POL,23,MORYTO Arkadiusz
28,POL,26,DASZEK Michal
28,POL,28,GEBALA Maciej
28,POL,30,PRZYBYLSKI Rafal
28,POL,36,DAWYDZIK Dawid
28,POL,4,OLEJNICZAK Michal
28,POL,48,GEBALA Tomasz
28,POL,49,CHRAPKOWSKI Piotr
28,POL,6,KRAJEWSKI Przemyslaw
28,POL,7,WALCZAK Patryk
28,POL,9,SICKO Szymon
28,POL,94,MORAWSKI Adam
30,HUN,12,SZEKELY Marton
30,HUN,15,GYORI Matyas
30,HUN,2,SIPOS Adrian
30,HUN,20,ROSTA Miklos
30,HUN,22,SUNAJKO Stefan
30,HUN,23,MATHE Dominik
30,HUN,24,BORBELY Adam
30,HUN,25,RODRIGUEZ ALVAREZ Pedro
30,HUN,27,BANHIDI Bence
30,HUN,30,SZITA Zoltan
30,HUN,33,ANCSIN Gabor
30,HUN,39,BODO Richard
30,HUN,47,HORNYAK Peter
30,HUN,66,LEKAI Mate
30,HUN,7,BOKA Bendeguz
30,HUN,77,HANUSZ Egon
30,URU,12,VIERA GRANO Andres Antonio
30,URU,13,CANCIO CASAS Maximo Esteban
30,URU,15,MENDEZ SUAREZ Bruno Valentin
30,URU,16,GONZALEZ ALLOZA Felipe Alfonso
30,URU,17,MORANDEIRA Diego
30,URU,19,BOTEJARA MERINGOLO Rodrigo Javier
30,URU,2,CHAPARRO ALMADA Gabriel
30,URU,20,RUBBO RODRIGUEZ Federico
30,URU,22,VECINO SZOLNO Sebastian Geronimo
30,URU,24,VELAZCO FERNANDEZ Alejandro Martin
30,URU,26,ECHEVERRY RAIJ Matias
30,URU,34,GOYOAGA ALONSO Geronimo
30,URU,36,ROSTAGNO RIOS Christian David
30,URU,4,LISTON GALBARINI Facundo Manuel
30,URU,40,de AGRELA MILGRON Maximiliano
30,URU,9,FABRA GENTILE Nicolas Gonzalo
31,JPN,12,IWASHITA Yuta
31,JPN,13,KASAHARA Kenya
31,JPN,14,KITAZUME Asumi
31,JPN,18,NARITA Kohei
31,JPN,19,TOKUDA Shinnosuke
31,JPN,20,WATANABE Jin
31,JPN,21,DOI Remi Anri
31,JPN,22,SAKAI Motoki
31,JPN,25,MOTOKI Hiroki
31,JPN,27,TAMAKAWA Hiroyasu
31,JPN,31,YOSHINO Tatsuki
31,JPN,33,AGARIE Yuto
31,JPN,38,MIZUMACHI Kotaro
31,JPN,40,TAKANO Sota
31,JPN,41,TOKUDA Rennosuke
31,JPN,43,YOSHIDA Shuichi
31,QAT,10,MARZO Frankis
31,QAT,12,SARIC Danijel
31,QAT,13,ABIDI Mohamed
31,QAT,19,SASSI Marwan
31,QAT,2,ALKRAD Mustafa
31,QAT,20,DAMJANOVIC Jovo
31,QAT,23,BERRACHED Allaedine
31,QAT,33,ROMANE Houssem
31,QAT,37,SAMI Yassine
31,QAT,4,MABROUK Hassan
31,QAT,44,GUEHIS Amine
31,QAT,66,ABDELFATTAH Omar
31,QAT,7,MADADI Ahmad
31,QAT,81,DHIAB Amor
31,QAT,86,HASSABALLA Mahmoud
31,QAT,94,ZAKKAR Ameen
32,ANG,10,NASCIMENTO Manuel Antonio Domingos
32,ANG,13,TATI Mario De Jesus Ntida
32,ANG,14,CHICOLA Claudio A. Patricio
32,ANG,15,PANZO Mayomona Antonio
32,ANG,16,MUACHISSENGUE Giovany R. De Nelumba
32,ANG,2,QUITONGO Agnelo Adao Tavares
32,ANG,20,GOUVEIA Custodio Joao
32,ANG,21,PESTANA Adelino Anderson
32,ANG,22,ANTONIO Elias
32,ANG,3,AGUIAR Jaroslav Catraio Joao De
32,ANG,4,TECA Gabriel Massuca
32,ANG,5,HEBO Rome Antonio Diogo
32,ANG,7,LOPES Claudio Carneiro
32,ANG,79,FERREIRA Edvaldo L. Da Silva
32,ANG,8,PASCOAL Otiniel A. Cachacha
32,ANG,9,MANECO Adilson Bruno Celestino
32,CRO,12,PESIC Ivan
32,CRO,13,HORVAT Zlatko
32,CRO,15,KEVIC Janko
32,CRO,17,SARAC Josip
32,CRO,26,STRLEK Manuel
32,CRO,27,CUPIC Ivan
32,CRO,28,MUSA Zeljko
32,CRO,3,MARIC Marino
32,CRO,30,MAMIC Marko
32,CRO,31,SEBETIC Luka
32,CRO,34,BROZOVIC Ilija
32,CRO,35,SUNJIC Mate
32,CRO,39,MANDIC David
32,CRO,45,JAGANJAC Halil
32,CRO,5,DUVNJAK Domagoj
32,CRO,51,MARTINOVIC Ivan
33,CHI,1,BARRIENTOS Felipe
33,CHI,10,FEUCHTMANN Emil
33,CHI,11,SALINAS Esteban
33,CHI,12,GARCIA Felipe
33,CHI,16,GONZALEZ Vicente
33,CHI,17,SALINAS Rodrigo
33,CHI,2,CEBALLOS Sebastian
33,CHI,20,PAVEZ Sebastian
33,CHI,21,FEUCHTMANN Harald
33,CHI,23,CALLEJA Benjamin
33,CHI,29,ONETO Marco
33,CHI,30,AYALA Daniel
33,CHI,4,FEUCHTMANN Erwin
33,CHI,7,REYES Diego
33,CHI,77,DONOSO Victor
33,CHI,9,FRELIJJ Javier
33,MKD,1,MITREVSKI Nikola
33,MKD,11,TALESKI Filip
33,MKD,12,TOMOVSKI Martin
33,MKD,17,MARKOSKI Nikola
33,MKD,18,KUZMANOVSKI Filip
33,MKD,19,KOSTESKI Nenad
33,MKD,21,TANKOSKI Mario
33,MKD,25,KRSTEVSKI Goran
33,MKD,28,POPOVSKI Martin
33,MKD,33,PESHEVSKI Zharko
33,MKD,4,VELKOVSKI Martin
33,MKD,5,STOILOV Stojanche
33,MKD,6,DIMITRIOSKI Dimitar
33,MKD,7,LAZAROV Kiril
33,MKD,8,KUZMANOSKI Cvetan
33,MKD,97,MISHEVSKI Marko
34,EGY,11,MOAMEN Ahmed
34,EGY,15,HESHAM Ahmed
34,EGY,24,ELMASRY Ibrahim
34,EGY,25,NAWAR Wisam
34,EGY,31,ELWAKIL Omar
34,EGY,39,ELDERAA Yehia
34,EGY,42,KADDAH Hassan
34,EGY,45,ELDERAA Seif
34,EGY,5,OMAR Yahia
34,EGY,53,YOUSRI Akram
34,EGY,66,ELAHMAR Ahmed
34,EGY,88,HENDAWY Karim
34,EGY,89,MAMDOUH Mohamed
34,EGY,90,ZEIN Ali
34,EGY,91,SANAD Mohammad
34,EGY,96,ELTAYAR Mohamed
34,SWE,11,PETTERSSON Daniel
34,SWE,12,PALICKA Andreas
34,SWE,15,WANNE Hampus
34,SWE,16,AGGEFORS Mikael
34,SWE,18,PETTERSSON Fredric
34,SWE,19,CLAAR Felix
34,SWE,2,CARLSBOGARD Jonathan
34,SWE,22,PELLAS Lucas
34,SWE,24,GOTTFRIDSSON Jim
34,SWE,26,PERSSON Linus
34,SWE,27,SUNNEFELDT Oskar
34,SWE,28,EDVARDSSON Jonathan
34,SWE,33,SANDELL Lukas
34,SWE,5,DARJ Max
34,SWE,62,CHRINTZ Valter
34,SWE,8,JONSSON Alfred
35,ALG,15,SAKER Redouane
35,ALG,16,ZEMOUCHI Yahia
35,ALG,18,KAABECHE Hichem
35,ALG,2,NAIM Zohir
35,ALG,21,BOUDJENAH Oussem
35,ALG,22,GHEDBANE Khalifa
35,ALG,23,ABDERAHIM Berriah
35,ALG,25,BENDJILALI Sofiane
35,ALG,26,KOURI Mokhtar
35,ALG,36,ABDELKADER Rahim
35,ALG,4,HELLAL Nouredine
35,ALG,44,HADJ SADOK Moustapha
35,ALG,6,BERKOUS Messaoud
35,ALG,7,HICHEM Daoud
35,ALG,77,ARIB Reda
35,ALG,87,AYOUB Abdi
35,POR,1,QUINTANA Alfredo
35,POR,10,MARTINS Miguel
35,POR,11,MOREIRA Belone
35,POR,14,SILVA Rui
35,POR,16,GOMES Humberto
35,POR,22,BORGES Alexis
35,POR,23,BRANQUINHO Diogo
35,POR,24,CAVALCANTI Alexandre
35,POR,25,AREIA Antonio
35,POR,27,GOMES Andre
35,POR,30,FERNANDES Leonel
35,POR,4,PORTELA Pedro
35,POR,5,DUARTE Gilberto
35,POR,8,ITURRIZA Victor
35,POR,88,MAGALHAES Fabio
35,POR,9,FERRAZ Joao
36,ISL,1,GUSTAVSSON Bjorgvin Pall
36,ISL,11,GISLASON Ymir Orn
36,ISL,13,GUDMUNDSSON Olafur Andres
36,ISL,15,PETERSSON Alexander
36,ISL,17,GUNNARSSON Arnor Thor
36,ISL,18,KRISTJANSSON Gisli Thorgeir
36,ISL,20,BJORGVINSSON Agust Eli
36,ISL,21,ARNARSSON Arnar Freyr
36,ISL,22,GUDJONSSON Sigvaldi Bjorn
36,ISL,23,GRETARSSON Oddur
36,ISL,24,MAGNUSSON Magnus Oli
36,ISL,26,KRISTJANSSON Kristjan Orn
36,ISL,29,VIDARSSON Ellidi Snaer
36,ISL,7,KRISTJANSSON Viggo
36,ISL,8,ELISSON Bjarki Mar
36,ISL,9,JONSSON Elvar Orn
36,MAR,1,IDRISSI Yassine
36,MAR,10,ZAROILI Mohamed
36,MAR,12,LAAROUSSI Alae
36,MAR,13,HAKIMI Hicham
36,MAR,18,BELLIMAM Lahcen
36,MAR,21,FOUGANI Nacym Hamed
36,MAR,24,EZZINE Mohammed
36,MAR,27,LAMDAKKAR Sami
36,MAR,46,HARCHAOUI Amine
36,MAR,7,REIDA Rezzouki
36,MAR,8,BENTALEB Mohamed Amine
36,MAR,91,ADLI Achraf
36,MAR,92,EL KACHRADI Hassan
36,MAR,93,LAKBI Ryad
36,MAR,94,ISMAILI  ALAOUI Mehdi
36,MAR,99,SLASSI Nabil
37,FRA,10,MEM Dika
37,FRA,11,TOURNAT Nicolas
37,FRA,12,GERARD Vincent
37,FRA,14,MAHE Kentin
37,FRA,19,ABALO Luc
37,FRA,21,GUIGOU Michael
37,FRA,22,KARABATIC Luka
37,FRA,23,FABREGAS Ludovic
37,FRA,24,PARDIN Wesley
37,FRA,25,DESCAT Hugo
37,FRA,27,DIPANDA Adrien
37,FRA,28,PORTE Valentin
37,FRA,37,ACQUEVILLO Jean Jacques
37,FRA,5,REMILI Nedim
37,FRA,7,LAGARDE Romain
37,FRA,9,RICHARDSON Melvyn
37,SUI,11,SIDOROWICZ Roman
37,SUI,15,RAEMY Nicolas
37,SUI,16,PORTNER Nikola
37,SUI,17,ROTHLISBERGER Samuel
37,SUI,2,SCHMID Andy
37,SUI,24,TOMINEC Nik
37,SUI,27,GERBL Maximilian
37,SUI,29,ZEHNDER Samuel
37,SUI,31,BRINGOLF Aurel
37,SUI,34,MILOSEVIC Alen
37,SUI,36,NOVAK Philip
37,SUI,4,RUBIN Lenny
37,SUI,44,BEN ROMDHANE Medhi
37,SUI,6,TYNOWSKI Cedrie
37,SUI,8,SVAJLEN Michal
37,SUI,9,LIER Marvin
38,AUT,16,KAIPER Florian
38,AUT,19,JURIC Antonio
38,AUT,20,FRIMMEL Sebastian
38,AUT,26,HERBURGER Lukas
38,AUT,28,ZEINER Gerald
38,AUT,31,PRATSCHNER Julian
38,AUT,4,HERMANN Maximilian
38,AUT,40,EICHBERGER Thomas
38,AUT,44,RANFTL Julian
38,AUT,55,WAGNER Tobias
38,AUT,6,SCHMID Dominik
38,AUT,60,JOCHMANN Jakob
38,AUT,72,HUTECEK Lukas
38,AUT,77,STEVANOVIC Nikola
38,AUT,8,WEBER Robert
38,AUT,94,NEUHOLD Christoph
38,NOR,11,OVERBY Petter
38,NOR,12,SAEVERAS Kristian
38,NOR,15,TONNESEN Kent Robin
38,NOR,17,JONDAL Magnus
38,NOR,19,BJORNSEN Kristian
38,NOR,23,JOHANNESSEN Goran Sogard
38,NOR,24,O`SULLIVAN Christian
38,NOR,27,REINKIND Harald
38,NOR,30,BERGERUD Torbjorn Sittrup
38,NOR,32,SOLSTAD Thomas
38,NOR,44,GULLIKSEN Kevin Maagero
38,NOR,5,SAGOSEN Sander
38,NOR,7,OVERJORDET Sander
38,NOR,71,BLONZ Alexandre Christoffersen
38,NOR,8,MYRHOL Bjarte
38,NOR,9,JAKOBSEN Henrik
39,KOR,13,LEE Junhee
39,KOR,19,BAEK Seunggeon
39,KOR,21,LEE Seungmin
39,KOR,22,LEE Byeongju
39,KOR,23,JEON Youngje
39,KOR,26,KIM Jinyoung
39,KOR,27,YU Myeonghan
39,KOR,28,KIM Jinho
39,KOR,32,JO Donghyeon
39,KOR,33,KIM Jaesoon
39,KOR,77,LEE Changwoo
39,KOR,8,KIM Hyeonwoo
39,KOR,83,KANG Jungu
39,KOR,87,KIM Jiun
39,KOR,97,KIM Taeung
39,KOR,98,AN Jaepil
39,RHF,17,KOTOV Aleksandr
39,RHF,22,KASATKIN Viacheslav
39,RHF,23,OSTASHCHENKO Roman
39,RHF,24,KORNEV Dmitry
39,RHF,28,KUDINOV Sergei
39,RHF,30,ERMAKOV Aleksandr
39,RHF,33,SHISHKAREV Daniil
39,RHF,44,SOROKA Igor
39,RHF,5,KISELEV Dmitrii
39,RHF,55,VALIULLIN Azat
39,RHF,76,TRETYNKO Stanislav
39,RHF,78,ANDREEV Pavel
39,RHF,87,KIREEV Viktor
39,RHF,89,ZHITNIKOV Dmitrii
39,RHF,97,FOKIN Aleksei
39,RHF,99,KOSOROTOV Sergei Mark
40,BLR,17,KRYVENKA Uladzislau
40,BLR,20,KISHOU Aliaksei
40,BLR,23,YURYNOK Andrei
40,BLR,3,KULESH Uladzislau
40,BLR,33,MAROZ Ivan
40,BLR,43,SELVIASIUK Artsiom
40,BLR,47,PADSHYVALAU Aliaksandr
40,BLR,50,KARALEK Artsem
40,BLR,55,VAILUPAU Mikita
40,BLR,62,SAMOILA Kiryl
40,BLR,7,KULAK Artsiom
40,BLR,74,BOKHAN Viachaslau
40,BLR,8,RUDZ Artur
40,BLR,9,ASTRASHAPKIN Aleh
40,BLR,95,GAYDUCHENKO Vadim
40,BLR,98,ALIOKHIN Mikalai
40,SLO,11,DOLENEC Jure
40,SLO,13,CINGESAR Darko
40,SLO,17,CEHTE Nejc
40,SLO,2,SKUBE Stas
40,SLO,21,GAJIC Dragan
40,SLO,22,GABER Matej
40,SLO,23,ZARABEC Miha
40,SLO,26,FERLIN Klemen
40,SLO,3,BLAGOTINSEK Blaz
40,SLO,34,OVNICEK Rok
40,SLO,44,BOMBAC Dean
40,SLO,5,HENIGMAN Nik
40,SLO,51,MACKOVSEK Borut
40,SLO,8,JANC Blaz
40,SLO,90,LESJAK Urban
40,SLO,95,SUHOLEZNIK Matic
41,BRN,14,QAMBAR Qasim
41,BRN,15,ABDULREDHA Mohamed
41,BRN,18,FADHUL Ahmed
41,BRN,19,MERZA Mohamed
41,BRN,21,A.HUSAIN Mohamed
41,BRN,25,ALSHUWAIKH Qasim
41,BRN,3,EID Ali
41,BRN,50,ALMAQABI Ahmed
41,BRN,66,MAHFOODH Komail
41,BRN,7,MERZA Ali
41,BRN,77,ALSALATNA Jasim
41,BRN,78,SALMAN Ali
41,BRN,89,SAAD Mahdi
41,BRN,9,ALSAMAHIJI Hasan
41,BRN,93,AHMED Mohamed
41,BRN,99,ALSAYYAD Husain
41,COD,10,NGOULOU QUENTIN Andre
41,COD,11,NGANDO OUEDRAOGO Adam
41,COD,12,LUCAU HERDEIRO Junior
41,COD,14,EBANGA NOAH Fabrice
41,COD,15,MVUMBI THIERRY Gauthier
41,COD,16,JACOBY KOALY Jordy
41,COD,17,KIANGEBENI KAWOLA Johan
41,COD,18,EYANGA SIMOKETO Baudric
41,COD,22,BEAUREGARD MBAKA Frederic
41,COD,27,BOTETSI Olivier
41,COD,4,YAHOZA MOGA Christian
41,COD,68,TCHITOMBI Aurelien
41,COD,75,CORNEIL OLIVIER Steeven
41,COD,83,KINZONZOLO MIATUDILA Jacques
41,COD,84,TUZOLANA Audray
41,COD,9,BOUITY GENESE Zephyrin
42,ARG,11,MOSCARIELLO Lucas Dario
42,ARG,15,CAROU MARCEL Gonzalo Matias
42,ARG,17,CRIVELLI Manuel
42,ARG,18,FISCHER Guillermo Jose
42,ARG,19,MARTINEZ CAMI Pedro
42,ARG,2,FERNANDEZ Federico Gaston
42,ARG,20,MARTINEZ Ramiro
42,ARG,22,MOURINO Gaston Alberto
42,ARG,3,PIZARRO Federico
42,ARG,40,MACIEL Leonel Carlos Sergio
42,ARG,7,PIZARRO Ignacio
42,ARG,71,CANEPA Santiago Alejo
42,ARG,77,BONANNO Nicolas
42,ARG,8,SIMONET Pablo Ariel
42,ARG,87,BAR Juan Manuel
42,ARG,9,BARONETTO Santiago
42,DEN,1,JACOBSEN Niklas Landin
42,DEN,14,ZACHARIASSEN Anders
42,DEN,15,JENSEN Magnus Saugstrup
42,DEN,17,SVAN Lasse J.
42,DEN,20,MOLLER Kevin
42,DEN,21,JENSEN Henrik Mollgaard
42,DEN,22,LARSEN Mads Mensah
42,DEN,24,HANSEN Mikkel
42,DEN,25,OLSEN Morten Toft
42,DEN,26,HANSEN Johan P.
42,DEN,28,ANDERSSON Lasse B.
42,DEN,31,NIELSEN Nikolaj Oris
42,DEN,33,GIDSEL Mathias
42,DEN,34,JENSEN Simon Hald
42,DEN,4,JACOBSEN Magnus Landin
42,DEN,5,BRAMMING Magnus
43,ESP,1,PEREZ de VARGAS MORENO Gonzalo
43,ESP,10,DUJSHEBAEV DOVICHEBAEVA Alex
43,ESP,11,SARMIENTO MELIAN Daniel
43,ESP,12,CORRALES RODAL Rodrigo
43,ESP,14,SOLE SALA Ferran
43,ESP,17,FIGUERAS TREJO Adrian
43,ESP,21,CANELLAS REIXACH Joan
43,ESP,24,MORROS de ARGILA Viran
43,ESP,28,GOMEZ ABELLO Aleix
43,ESP,29,ARINO BENGOECHEA Aitor
43,ESP,30,GUARDIOLA VILLAPLANA Gedeon
43,ESP,5,MAQUEDA PENO Jorge
43,ESP,52,MARCHAN CRIADO Ruben
43,ESP,59,DUJSHEBAEV DOVICHEBAEVA Daniel
43,ESP,6,FERNANDEZ PEREZ Angel
43,ESP,9,ENTRERRIOS RODRIGUEZ Raul
43,TUN,12,MAGGAIZ Marouen
43,TUN,15,HAJ YOUSSEF Khaled
43,TUN,19,SANAI Mosbah
43,TUN,22,MAAREF Yousef
43,TUN,27,RZIG Issam
43,TUN,39,SOUSSI Mohamed
43,TUN,55,TOUMI Ghassen
43,TUN,66,JBELI Islem
43,TUN,69,JABALLAH Jihed
43,TUN,7,MAJDOUB Ramzi
43,TUN,71,DARMOUL Mohamed Amine
43,TUN,77,ZAIED Skander
43,TUN,8,FEKIH Rami
43,TUN,94,HARBAOUI Mehdi Sadri
43,TUN,96,BEN ABDALLAH Anouar
43,TUN,97,MARGHELI Achraf
44,BRA,1,SANTOS Maik
44,BRA,10,TOLEDO Jose
44,BRA,13,MORAES Rogerio
44,BRA,16,da ROSA Rangel
44,BRA,19,CHIUFFA Fabio
44,BRA,2,TEIXEIRA Henrique
44,BRA,25,TEIXEIRA Vinicius
44,BRA,30,PATRIANOVA Arthur
44,BRA,33,DUTRA Leonardo
44,BRA,34,LUCIANO Jose
44,BRA,35,PONCIANO Thiago
44,BRA,37,LANGARO Haniel
44,BRA,4,SILVA Joao
44,BRA,5,TORRIANI Guilherme
44,BRA,77,HACKBARTH Rudolph
44,BRA,95,RODRIGUES Gustavo
44,POL,11,MAJDZINSKI Maciej
44,POL,16,WYSZOMIRSKI Piotr
44,POL,19,CZUWARA Jan
44,POL,20,PILITOWSKI Maciej
44,POL,23,MORYTO Arkadiusz
44,POL,26,DASZEK Michal
44,POL,28,GEBALA Maciej
44,POL,30,PRZYBYLSKI Rafal
44,POL,36,DAWYDZIK Dawid
44,POL,4,OLEJNICZAK Michal
44,POL,48,GEBALA Tomasz
44,POL,49,CHRAPKOWSKI Piotr
44,POL,6,KRAJEWSKI Przemyslaw
44,POL,7,WALCZAK Patryk
44,POL,9,SICKO Szymon
44,POL,94,MORAWSKI Adam
46,GER,1,BITTER Johannes
46,GER,15,KNORR Juri
46,GER,18,FIRNHABER Sebastian
46,GER,20,WEBER Philipp
46,GER,24,GROETZKI Patrick
46,GER,25,HAFNER Kai
46,GER,27,METZNER Antonio
46,GER,3,GENSHEIMER Uwe
46,GER,31,SCHILLER Marcel
46,GER,33,WOLF Andreas
46,GER,35,KUHN Julius
46,GER,38,BOHM Fabian
46,GER,4,GOLLA Johannes
46,GER,73,KASTENING Timo
46,GER,77,SCHMIDT David
46,GER,95,DRUX Paul
46,HUN,12,SZEKELY Marton
46,HUN,16,MIKLER Roland
46,HUN,17,NAGY Bence
46,HUN,2,SIPOS Adrian
46,HUN,20,ROSTA Miklos
46,HUN,22,SUNAJKO Stefan
46,HUN,23,MATHE Dominik
46,HUN,25,RODRIGUEZ ALVAREZ Pedro
46,HUN,27,BANHIDI Bence
46,HUN,30,SZITA Zoltan
46,HUN,33,ANCSIN Gabor
46,HUN,39,BODO Richard
46,HUN,47,HORNYAK Peter
46,HUN,66,LEKAI Mate
46,HUN,7,BOKA Bendeguz
46,HUN,9,BALOGH Zsolt
47,ANG,10,NASCIMENTO Manuel Antonio Domingos
47,ANG,11,COUVEIRO Feliciano Nunes
47,ANG,13,TATI Mario De Jesus Ntida
47,ANG,14,CHICOLA Claudio A. Patricio
47,ANG,15,PANZO Mayomona Antonio
47,ANG,16,MUACHISSENGUE Giovany R. De Nelumba
47,ANG,17,ABREU Edgar Emanuel M
47,ANG,20,GOUVEIA Custodio Joao
47,ANG,22,ANTONIO Elias
47,ANG,3,AGUIAR Jaroslav Catraio Joao De
47,ANG,4,TECA Gabriel Massuca
47,ANG,5,HEBO Rome Antonio Diogo
47,ANG,7,LOPES Claudio Carneiro
47,ANG,79,FERREIRA Edvaldo L. Da Silva
47,ANG,8,PASCOAL Otiniel A. Cachacha
47,ANG,9,MANECO Adilson Bruno Celestino
47,JPN,12,IWASHITA Yuta
47,JPN,13,KASAHARA Kenya
47,JPN,14,KITAZUME Asumi
47,JPN,18,NARITA Kohei
47,JPN,19,TOKUDA Shinnosuke
47,JPN,20,WATANABE Jin
47,JPN,21,DOI Remi Anri
47,JPN,25,MOTOKI Hiroki
47,JPN,27,TAMAKAWA Hiroyasu
47,JPN,31,YOSHINO Tatsuki
47,JPN,33,AGARIE Yuto
47,JPN,38,MIZUMACHI Kotaro
47,JPN,39,NAKAMURA Takumi
47,JPN,40,TAKANO Sota
47,JPN,41,TOKUDA Rennosuke
47,JPN,43,YOSHIDA Shuichi
48,CRO,12,PESIC Ivan
48,CRO,13,HORVAT Zlatko
48,CRO,15,KEVIC Janko
48,CRO,17,SARAC Josip
48,CRO,26,STRLEK Manuel
48,CRO,27,CUPIC Ivan
48,CRO,28,MUSA Zeljko
48,CRO,3,MARIC Marino
48,CRO,30,MAMIC Marko
48,CRO,31,SEBETIC Luka
48,CRO,34,BROZOVIC Ilija
48,CRO,39,MANDIC David
48,CRO,45,JAGANJAC Halil
48,CRO,5,DUVNJAK Domagoj
48,CRO,51,MARTINOVIC Ivan
48,CRO,55,SEGO Marin
48,QAT,10,MARZO Frankis
48,QAT,12,SARIC Danijel
48,QAT,13,ABIDI Mohamed
48,QAT,19,SASSI Marwan
48,QAT,2,ALKRAD Mustafa
48,QAT,20,DAMJANOVIC Jovo
48,QAT,23,BERRACHED Allaedine
48,QAT,37,SAMI Yassine
48,QAT,4,MABROUK Hassan
48,QAT,41,ALI Youssef
48,QAT,44,GUEHIS Amine
48,QAT,66,ABDELFATTAH Omar
48,QAT,7,MADADI Ahmad
48,QAT,81,DHIAB Amor
48,QAT,86,HASSABALLA Mahmoud
48,QAT,94,ZAKKAR Ameen
49,BLR,17,KRYVENKA Uladzislau
49,BLR,20,KISHOU Aliaksei
49,BLR,23,YURYNOK Andrei
49,BLR,3,KULESH Uladzislau
49,BLR,33,MAROZ Ivan
49,BLR,42,USHAL Aliaksei
49,BLR,43,SELVIASIUK Artsiom
49,BLR,47,PADSHYVALAU Aliaksandr
49,BLR,50,KARALEK Artsem
49,BLR,55,VAILUPAU Mikita
49,BLR,62,SAMOILA Kiryl
49,BLR,7,KULAK Artsiom
49,BLR,74,BOKHAN Viachaslau
49,BLR,9,ASTRASHAPKIN Aleh
49,BLR,95,GAYDUCHENKO Vadim
49,BLR,98,ALIOKHIN Mikalai
49,SWE,11,PETTERSSON Daniel
49,SWE,12,PALICKA Andreas
49,SWE,15,WANNE Hampus
49,SWE,16,AGGEFORS Mikael
49,SWE,18,PETTERSSON Fredric
49,SWE,19,CLAAR Felix
49,SWE,2,CARLSBOGARD Jonathan
49,SWE,22,PELLAS Lucas
49,SWE,24,GOTTFRIDSSON Jim
49,SWE,26,PERSSON Linus
49,SWE,28,EDVARDSSON Jonathan
49,SWE,33,SANDELL Lukas
49,SWE,5,DARJ Max
49,SWE,62,CHRINTZ Valter
49,SWE,66,LINDSKOG Anton
49,SWE,8,JONSSON Alfred
50,EGY,11,MOAMEN Ahmed
50,EGY,15,HESHAM Ahmed
50,EGY,24,ELMASRY Ibrahim
50,EGY,25,NAWAR Wisam
50,EGY,31,ELWAKIL Omar
50,EGY,39,ELDERAA Yehia
50,EGY,42,KADDAH Hassan
50,EGY,45,ELDERAA Seif
50,EGY,5,OMAR Yahia
50,EGY,66,ELAHMAR Ahmed
50,EGY,88,HENDAWY Karim
50,EGY,89,MAMDOUH Mohamed
50,EGY,9,HASSAN Eslam
50,EGY,90,ZEIN Ali
50,EGY,91,SANAD Mohammad
50,EGY,96,ELTAYAR Mohamed
50,RHF,16,PAVLENKO Dmitrii
50,RHF,17,KOTOV Aleksandr
50,RHF,23,OSTASHCHENKO Roman
50,RHF,24,KORNEV Dmitry
50,RHF,27,VASILEV Denis
50,RHF,28,KUDINOV Sergei
50,RHF,30,ERMAKOV Aleksandr
50,RHF,33,SHISHKAREV Daniil
50,RHF,44,SOROKA Igor
50,RHF,5,KISELEV Dmitrii
50,RHF,55,VALIULLIN Azat
50,RHF,76,TRETYNKO Stanislav
50,RHF,78,ANDREEV Pavel
50,RHF,87,KIREEV Viktor
50,RHF,89,ZHITNIKOV Dmitrii
50,RHF,99,KOSOROTOV Sergei Mark
51,MKD,1,MITREVSKI Nikola
51,MKD,11,TALESKI Filip
51,MKD,12,TOMOVSKI Martin
51,MKD,17,MARKOSKI Nikola
51,MKD,18,KUZMANOVSKI Filip
51,MKD,19,KOSTESKI Nenad
51,MKD,21,TANKOSKI Mario
51,MKD,25,KRSTEVSKI Goran
51,MKD,28,POPOVSKI Martin
51,MKD,33,PESHEVSKI Zharko
51,MKD,4,VELKOVSKI Martin
51,MKD,5,STOILOV Stojanche
51,MKD,6,DIMITRIOSKI Dimitar
51,MKD,7,LAZAROV Kiril
51,MKD,77,SERAFIMOV Martin
51,MKD,97,MISHEVSKI Marko
51,SLO,11,DOLENEC Jure
51,SLO,13,CINGESAR Darko
51,SLO,17,CEHTE Nejc
51,SLO,2,SKUBE Stas
51,SLO,21,GAJIC Dragan
51,SLO,22,GABER Matej
51,SLO,23,ZARABEC Miha
51,SLO,26,FERLIN Klemen
51,SLO,3,BLAGOTINSEK Blaz
51,SLO,34,OVNICEK Rok
51,SLO,44,BOMBAC Dean
51,SLO,5,HENIGMAN Nik
51,SLO,51,MACKOVSEK Borut
51,SLO,8,JANC Blaz
51,SLO,90,LESJAK Urban
51,SLO,95,SUHOLEZNIK Matic
52,ALG,13,CHEHBOUR Riad
52,ALG,15,SAKER Redouane
52,ALG,16,ZEMOUCHI Yahia
52,ALG,18,KAABECHE Hichem
52,ALG,19,ENSAAD Oqba
52,ALG,2,NAIM Zohir
52,ALG,21,BOUDJENAH Oussem
52,ALG,22,GHEDBANE Khalifa
52,ALG,23,ABDERAHIM Berriah
52,ALG,25,BENDJILALI Sofiane
52,ALG,36,ABDELKADER Rahim
52,ALG,44,HADJ SADOK Moustapha
52,ALG,6,BERKOUS Messaoud
52,ALG,7,HICHEM Daoud
52,ALG,77,ARIB Reda
52,ALG,87,AYOUB Abdi
52,FRA,10,MEM Dika
52,FRA,11,TOURNAT Nicolas
52,FRA,12,GERARD Vincent
52,FRA,14,MAHE Kentin
52,FRA,16,GENTY Yann
52,FRA,19,ABALO Luc
52,FRA,21,GUIGOU Michael
52,FRA,22,KARABATIC Luka
52,FRA,23,FABREGAS Ludovic
52,FRA,25,DESCAT Hugo
52,FRA,27,DIPANDA Adrien
52,FRA,28,PORTE Valentin
52,FRA,37,ACQUEVILLO Jean Jacques
52,FRA,5,REMILI Nedim
52,FRA,7,LAGARDE Romain
52,FRA,9,RICHARDSON Melvyn
53,NOR,11,OVERBY Petter
53,NOR,12,SAEVERAS Kristian
53,NOR,15,TONNESEN Kent Robin
53,NOR,17,JONDAL Magnus
53,NOR,19,BJORNSEN Kristian
53,NOR,23,JOHANNESSEN Goran Sogard
53,NOR,24,O`SULLIVAN Christian
53,NOR,25,TANGEN Eivind
53,NOR,27,REINKIND Harald
53,NOR,30,BERGERUD Torbjorn Sittrup
53,NOR,32,SOLSTAD Thomas
53,NOR,44,GULLIKSEN Kevin Maagero
53,NOR,5,SAGOSEN Sander
53,NOR,71,BLONZ Alexandre Christoffersen
53,NOR,8,MYRHOL Bjarte
53,NOR,9,JAKOBSEN Henrik
53,POR,1,QUINTANA Alfredo
53,POR,10,MARTINS Miguel
53,POR,11,MOREIRA Belone
53,POR,14,SILVA Rui
53,POR,15,SALINA Daymaro
53,POR,16,GOMES Humberto
53,POR,22,BORGES Alexis
53,POR,23,BRANQUINHO Diogo
53,POR,24,CAVALCANTI Alexandre
53,POR,25,AREIA Antonio
53,POR,27,GOMES Andre
53,POR,30,FERNANDES Leonel
53,POR,4,PORTELA Pedro
53,POR,5,DUARTE Gilberto
53,POR,8,ITURRIZA Victor
53,POR,88,MAGALHAES Fabio
54,ISL,1,GUSTAVSSON Bjorgvin Pall
54,ISL,11,GISLASON Ymir Orn
54,ISL,13,GUDMUNDSSON Olafur Andres
54,ISL,15,PETERSSON Alexander
54,ISL,17,GUNNARSSON Arnor Thor
54,ISL,18,KRISTJANSSON Gisli Thorgeir
54,ISL,20,BJORGVINSSON Agust Eli
54,ISL,21,ARNARSSON Arnar Freyr
54,ISL,22,GUDJONSSON Sigvaldi Bjorn
54,ISL,23,GRETARSSON Oddur
54,ISL,24,MAGNUSSON Magnus Oli
54,ISL,26,KRISTJANSSON Kristjan Orn
54,ISL,29,VIDARSSON Ellidi Snaer
54,ISL,7,KRISTJANSSON Viggo
54,ISL,8,ELISSON Bjarki Mar
54,ISL,9,JONSSON Elvar Orn
54,SUI,11,SIDOROWICZ Roman
54,SUI,15,RAEMY Nicolas
54,SUI,16,PORTNER Nikola
54,SUI,17,ROTHLISBERGER Samuel
54,SUI,2,SCHMID Andy
54,SUI,22,SCHELKER Jonas
54,SUI,24,TOMINEC Nik
54,SUI,29,ZEHNDER Samuel
54,SUI,31,BRINGOLF Aurel
54,SUI,34,MILOSEVIC Alen
54,SUI,36,NOVAK Philip
54,SUI,4,RUBIN Lenny
54,SUI,44,BEN ROMDHANE Medhi
54,SUI,6,TYNOWSKI Cedrie
54,SUI,8,SVAJLEN Michal
54,SUI,9,LIER Marvin
55,BRN,11,ALI Abdulla
55,BRN,14,QAMBAR Qasim
55,BRN,15,ABDULREDHA Mohamed
55,BRN,18,FADHUL Ahmed
55,BRN,19,MERZA Mohamed
55,BRN,21,A.HUSAIN Mohamed
55,BRN,25,ALSHUWAIKH Qasim
55,BRN,3,EID Ali
55,BRN,50,ALMAQABI Ahmed
55,BRN,66,MAHFOODH Komail
55,BRN,7,MERZA Ali
55,BRN,77,ALSALATNA Jasim
55,BRN,88,ALFARDAN Hasan
55,BRN,89,SAAD Mahdi
55,BRN,93,AHMED Mohamed
55,BRN,99,ALSAYYAD Husain
55,CRO,12,PESIC Ivan
55,CRO,13,HORVAT Zlatko
55,CRO,17,SARAC Josip
55,CRO,18,KARACIC Igor
55,CRO,26,STRLEK Manuel
55,CRO,27,CUPIC Ivan
55,CRO,28,MUSA Zeljko
55,CRO,3,MARIC Marino
55,CRO,30,MAMIC Marko
55,CRO,31,SEBETIC Luka
55,CRO,34,BROZOVIC Ilija
55,CRO,39,MANDIC David
55,CRO,45,JAGANJAC Halil
55,CRO,5,DUVNJAK Domagoj
55,CRO,51,MARTINOVIC Ivan
55,CRO,55,SEGO Marin
56,DEN,1,JACOBSEN Niklas Landin
56,DEN,14,ZACHARIASSEN Anders
56,DEN,15,JENSEN Magnus Saugstrup
56,DEN,17,SVAN Lasse J.
56,DEN,20,MOLLER Kevin
56,DEN,21,JENSEN Henrik Mollgaard
56,DEN,22,LARSEN Mads Mensah
56,DEN,24,HANSEN Mikkel
56,DEN,25,OLSEN Morten Toft
56,DEN,26,HANSEN Johan P.
56,DEN,28,ANDERSSON Lasse B.
56,DEN,31,NIELSEN Nikolaj Oris
56,DEN,33,GIDSEL Mathias
56,DEN,34,JENSEN Simon Hald
56,DEN,4,JACOBSEN Magnus Landin
56,DEN,5,BRAMMING Magnus
56,QAT,1,SOUSSI Mohamed
56,QAT,10,MARZO Frankis
56,QAT,13,ABIDI Mohamed
56,QAT,19,SASSI Marwan
56,QAT,2,ALKRAD Mustafa
56,QAT,20,DAMJANOVIC Jovo
56,QAT,23,BERRACHED Allaedine
56,QAT,33,ROMANE Houssem
56,QAT,37,SAMI Yassine
56,QAT,4,MABROUK Hassan
56,QAT,41,ALI Youssef
56,QAT,44,GUEHIS Amine
56,QAT,7,MADADI Ahmad
56,QAT,81,DHIAB Amor
56,QAT,86,HASSABALLA Mahmoud
56,QAT,94,ZAKKAR Ameen
57,ARG,11,MOSCARIELLO Lucas Dario
57,ARG,15,CAROU MARCEL Gonzalo Matias
57,ARG,19,MARTINEZ CAMI Pedro
57,ARG,2,FERNANDEZ Federico Gaston
57,ARG,20,MARTINEZ Ramiro
57,ARG,22,MOURINO Gaston Alberto
57,ARG,3,PIZARRO Federico
57,ARG,4,SIMONET Sebastian Alejandro
57,ARG,40,MACIEL Leonel Carlos Sergio
57,ARG,5,VAINSTEIN Pablo
57,ARG,6,SIMONET Diego Esteban
57,ARG,7,PIZARRO Ignacio
57,ARG,77,BONANNO Nicolas
57,ARG,8,SIMONET Pablo Ariel
57,ARG,87,BAR Juan Manuel
57,ARG,9,BARONETTO Santiago
57,JPN,12,IWASHITA Yuta
57,JPN,13,KASAHARA Kenya
57,JPN,14,KITAZUME Asumi
57,JPN,18,NARITA Kohei
57,JPN,19,TOKUDA Shinnosuke
57,JPN,20,WATANABE Jin
57,JPN,21,DOI Remi Anri
57,JPN,25,MOTOKI Hiroki
57,JPN,27,TAMAKAWA Hiroyasu
57,JPN,31,YOSHINO Tatsuki
57,JPN,33,AGARIE Yuto
57,JPN,38,MIZUMACHI Kotaro
57,JPN,39,NAKAMURA Takumi
57,JPN,40,TAKANO Sota
57,JPN,41,TOKUDA Rennosuke
57,JPN,43,YOSHIDA Shuichi
58,BRA,10,TOLEDO Jose
58,BRA,11,ANDRADE Cleber
58,BRA,13,MORAES Rogerio
58,BRA,16,da ROSA Rangel
58,BRA,19,CHIUFFA Fabio
58,BRA,2,TEIXEIRA Henrique
58,BRA,25,TEIXEIRA Vinicius
58,BRA,30,PATRIANOVA Arthur
58,BRA,34,LUCIANO Jose
58,BRA,35,PONCIANO Thiago
58,BRA,37,LANGARO Haniel
58,BRA,4,SILVA Joao
58,BRA,5,TORRIANI Guilherme
58,BRA,77,HACKBARTH Rudolph
58,BRA,89,ALMEIDA Cesar
58,BRA,95,RODRIGUES Gustavo
58,HUN,12,SZEKELY Marton
58,HUN,16,MIKLER Roland
58,HUN,17,NAGY Bence
58,HUN,2,SIPOS Adrian
58,HUN,20,ROSTA Miklos
58,HUN,22,SUNAJKO Stefan
58,HUN,23,MATHE Dominik
58,HUN,25,RODRIGUEZ ALVAREZ Pedro
58,HUN,27,BANHIDI Bence
58,HUN,30,SZITA Zoltan
58,HUN,33,ANCSIN Gabor
58,HUN,39,BODO Richard
58,HUN,47,HORNYAK Peter
58,HUN,66,LEKAI Mate
58,HUN,7,BOKA Bendeguz
58,HUN,77,HANUSZ Egon
59,ESP,1,PEREZ de VARGAS MORENO Gonzalo
59,ESP,10,DUJSHEBAEV DOVICHEBAEVA Alex
59,ESP,11,SARMIENTO MELIAN Daniel
59,ESP,12,CORRALES RODAL Rodrigo
59,ESP,14,SOLE SALA Ferran
59,ESP,17,FIGUERAS TREJO Adrian
59,ESP,21,CANELLAS REIXACH Joan
59,ESP,24,MORROS de ARGILA Viran
59,ESP,28,GOMEZ ABELLO Aleix
59,ESP,29,ARINO BENGOECHEA Aitor
59,ESP,30,GUARDIOLA VILLAPLANA Gedeon
59,ESP,5,MAQUEDA PENO Jorge
59,ESP,52,MARCHAN CRIADO Ruben
59,ESP,59,DUJSHEBAEV DOVICHEBAEVA Daniel
59,ESP,6,FERNANDEZ PEREZ Angel
59,ESP,9,ENTRERRIOS RODRIGUEZ Raul
59,GER,1,BITTER Johannes
59,GER,15,KNORR Juri
59,GER,18,FIRNHABER Sebastian
59,GER,20,WEBER Philipp
59,GER,24,GROETZKI Patrick
59,GER,25,HAFNER Kai
59,GER,3,GENSHEIMER Uwe
59,GER,31,SCHILLER Marcel
59,GER,33,WOLF Andreas
59,GER,35,KUHN Julius
59,GER,38,BOHM Fabian
59,GER,4,GOLLA Johannes
59,GER,42,PREUSS Moritz
59,GER,73,KASTENING Timo
59,GER,77,SCHMIDT David
59,GER,95,DRUX Paul
60,POL,1,KORNECKI Mateusz
60,POL,11,MAJDZINSKI Maciej
60,POL,14,OSSOWSKI Arkadiusz
60,POL,15,ADAMSKI Kacper
60,POL,19,CZUWARA Jan
60,POL,20,PILITOWSKI Maciej
60,POL,23,MORYTO Arkadiusz
60,POL,26,DASZEK Michal
60,POL,30,PRZYBYLSKI Rafal
60,POL,36,DAWYDZIK Dawid
60,POL,4,OLEJNICZAK Michal
60,POL,48,GEBALA Tomasz
60,POL,49,CHRAPKOWSKI Piotr
60,POL,7,WALCZAK Patryk
60,POL,9,SICKO Szymon
60,POL,94,MORAWSKI Adam
60,URU,1,NAVARRETE GAMBINO Luis Felipe
60,URU,10,SPANGENBERG TORRE Gabriel
60,URU,11,FALABRINO MEDINA Diego
60,URU,13,CANCIO CASAS Maximo Esteban
60,URU,15,MENDEZ SUAREZ Bruno Valentin
60,URU,16,GONZALEZ ALLOZA Felipe Alfonso
60,URU,17,MORANDEIRA Diego
60,URU,19,BOTEJARA MERINGOLO Rodrigo Javier
60,URU,2,CHAPARRO ALMADA Gabriel
60,URU,20,RUBBO RODRIGUEZ Federico
60,URU,24,VELAZCO FERNANDEZ Alejandro Martin
60,URU,26,ECHEVERRY RAIJ Matias
60,URU,36,ROSTAGNO RIOS Christian David
60,URU,4,LISTON GALBARINI Facundo Manuel
60,URU,40,de AGRELA MILGRON Maximiliano
60,URU,74,MILLAN FLORES Guillermo
61,BLR,17,KRYVENKA Uladzislau
61,BLR,20,KISHOU Aliaksei
61,BLR,23,YURYNOK Andrei
61,BLR,3,KULESH Uladzislau
61,BLR,33,MAROZ Ivan
61,BLR,42,USHAL Aliaksei
61,BLR,43,SELVIASIUK Artsiom
61,BLR,47,PADSHYVALAU Aliaksandr
61,BLR,50,KARALEK Artsem
61,BLR,55,VAILUPAU Mikita
61,BLR,62,SAMOILA Kiryl
61,BLR,7,KULAK Artsiom
61,BLR,74,BOKHAN Viachaslau
61,BLR,9,ASTRASHAPKIN Aleh
61,BLR,95,GAYDUCHENKO Vadim
61,BLR,98,ALIOKHIN Mikalai
61,EGY,15,HESHAM Ahmed
61,EGY,24,ELMASRY Ibrahim
61,EGY,25,NAWAR Wisam
61,EGY,31,ELWAKIL Omar
61,EGY,39,ELDERAA Yehia
61,EGY,42,KADDAH Hassan
61,EGY,45,ELDERAA Seif
61,EGY,5,OMAR Yahia
61,EGY,53,YOUSRI Akram
61,EGY,66,ELAHMAR Ahmed
61,EGY,88,HENDAWY Karim
61,EGY,89,MAMDOUH Mohamed
61,EGY,9,HASSAN Eslam
61,EGY,90,ZEIN Ali
61,EGY,91,SANAD Mohammad
61,EGY,96,ELTAYAR Mohamed
62,SLO,11,DOLENEC Jure
62,SLO,13,CINGESAR Darko
62,SLO,17,CEHTE Nejc
62,SLO,2,SKUBE Stas
62,SLO,21,GAJIC Dragan
62,SLO,22,GABER Matej
62,SLO,23,ZARABEC Miha
62,SLO,26,FERLIN Klemen
62,SLO,3,BLAGOTINSEK Blaz
62,SLO,34,OVNICEK Rok
62,SLO,44,BOMBAC Dean
62,SLO,5,HENIGMAN Nik
62,SLO,51,MACKOVSEK Borut
62,SLO,8,JANC Blaz
62,SLO,90,LESJAK Urban
62,SLO,95,SUHOLEZNIK Matic
62,SWE,11,PETTERSSON Daniel
62,SWE,12,PALICKA Andreas
62,SWE,15,WANNE Hampus
62,SWE,16,AGGEFORS Mikael
62,SWE,18,PETTERSSON Fredric
62,SWE,19,CLAAR Felix
62,SWE,2,CARLSBOGARD Jonathan
62,SWE,22,PELLAS Lucas
62,SWE,24,GOTTFRIDSSON Jim
62,SWE,26,PERSSON Linus
62,SWE,28,EDVARDSSON Jonathan
62,SWE,33,SANDELL Lukas
62,SWE,5,DARJ Max
62,SWE,62,CHRINTZ Valter
62,SWE,66,LINDSKOG Anton
62,SWE,8,JONSSON Alfred
63,MKD,1,MITREVSKI Nikola
63,MKD,11,TALESKI Filip
63,MKD,12,TOMOVSKI Martin
63,MKD,17,MARKOSKI Nikola
63,MKD,18,KUZMANOVSKI Filip
63,MKD,19,KOSTESKI Nenad
63,MKD,25,KRSTEVSKI Goran
63,MKD,28,POPOVSKI Martin
63,MKD,29,GEORGIEVSKI Darko
63,MKD,31,MLADENOVIKJ Mihajlo
63,MKD,33,PESHEVSKI Zharko
63,MKD,5,STOILOV Stojanche
63,MKD,6,DIMITRIOSKI Dimitar
63,MKD,7,LAZAROV Kiril
63,MKD,77,SERAFIMOV Martin
63,MKD,97,MISHEVSKI Marko
63,RHF,16,PAVLENKO Dmitrii
63,RHF,17,KOTOV Aleksandr
63,RHF,23,OSTASHCHENKO Roman
63,RHF,24,KORNEV Dmitry
63,RHF,27,VASILEV Denis
63,RHF,28,KUDINOV Sergei
63,RHF,30,ERMAKOV Aleksandr
63,RHF,33,SHISHKAREV Daniil
63,RHF,44,SOROKA Igor
63,RHF,5,KISELEV Dmitrii
63,RHF,55,VALIULLIN Azat
63,RHF,76,TRETYNKO Stanislav
63,RHF,78,ANDREEV Pavel
63,RHF,87,KIREEV Viktor
63,RHF,89,ZHITNIKOV Dmitrii
63,RHF,99,KOSOROTOV Sergei Mark
64,ALG,12,BENMENNI Abdellah
64,ALG,13,CHEHBOUR Riad
64,ALG,15,SAKER Redouane
64,ALG,16,ZEMOUCHI Yahia
64,ALG,18,KAABECHE Hichem
64,ALG,2,NAIM Zohir
64,ALG,21,BOUDJENAH Oussem
64,ALG,23,ABDERAHIM Berriah
64,ALG,25,BENDJILALI Sofiane
64,ALG,26,KOURI Mokhtar
64,ALG,36,ABDELKADER Rahim
64,ALG,4,HELLAL Nouredine
64,ALG,44,HADJ SADOK Moustapha
64,ALG,6,BERKOUS Messaoud
64,ALG,7,HICHEM Daoud
64,ALG,87,AYOUB Abdi
64,NOR,11,OVERBY Petter
64,NOR,12,SAEVERAS Kristian
64,NOR,15,TONNESEN Kent Robin
64,NOR,17,JONDAL Magnus
64,NOR,19,BJORNSEN Kristian
64,NOR,23,JOHANNESSEN Goran Sogard
64,NOR,24,O`SULLIVAN Christian
64,NOR,25,TANGEN Eivind
64,NOR,27,REINKIND Harald
64,NOR,30,BERGERUD Torbjorn Sittrup
64,NOR,32,SOLSTAD Thomas
64,NOR,44,GULLIKSEN Kevin Maagero
64,NOR,5,SAGOSEN Sander
64,NOR,7,OVERJORDET Sander
64,NOR,71,BLONZ Alexandre Christoffersen
64,NOR,8,MYRHOL Bjarte
65,FRA,10,MEM Dika
65,FRA,11,TOURNAT Nicolas
65,FRA,12,GERARD Vincent
65,FRA,14,MAHE Kentin
65,FRA,16,GENTY Yann
65,FRA,19,ABALO Luc
65,FRA,21,GUIGOU Michael
65,FRA,22,KARABATIC Luka
65,FRA,23,FABREGAS Ludovic
65,FRA,25,DESCAT Hugo
65,FRA,27,DIPANDA Adrien
65,FRA,28,PORTE Valentin
65,FRA,37,ACQUEVILLO Jean Jacques
65,FRA,5,REMILI Nedim
65,FRA,7,LAGARDE Romain
65,FRA,9,RICHARDSON Melvyn
65,ISL,1,GUSTAVSSON Bjorgvin Pall
65,ISL,11,GISLASON Ymir Orn
65,ISL,13,GUDMUNDSSON Olafur Andres
65,ISL,14,MAGNUSSON Omar Ingi
65,ISL,16,HALLGRIMSSON Viktor Gisli
65,ISL,18,KRISTJANSSON Gisli Thorgeir
65,ISL,21,ARNARSSON Arnar Freyr
65,ISL,22,GUDJONSSON Sigvaldi Bjorn
65,ISL,23,GRETARSSON Oddur
65,ISL,24,MAGNUSSON Magnus Oli
65,ISL,26,KRISTJANSSON Kristjan Orn
65,ISL,29,VIDARSSON Ellidi Snaer
65,ISL,3,KRISTJANSSON Kari Kristjan
65,ISL,7,KRISTJANSSON Viggo
65,ISL,8,ELISSON Bjarki Mar
65,ISL,9,JONSSON Elvar Orn
66,POR,1,QUINTANA Alfredo
66,POR,10,MARTINS Miguel
66,POR,11,MOREIRA Belone
66,POR,14,SILVA Rui
66,POR,15,SALINA Daymaro
66,POR,16,GOMES Humberto
66,POR,22,BORGES Alexis
66,POR,23,BRANQUINHO Diogo
66,POR,24,CAVALCANTI Alexandre
66,POR,25,AREIA Antonio
66,POR,27,GOMES Andre
66,POR,4,PORTELA Pedro
66,POR,5,DUARTE Gilberto
66,POR,8,ITURRIZA Victor
66,POR,88,MAGALHAES Fabio
66,POR,9,FERRAZ Joao
66,SUI,11,SIDOROWICZ Roman
66,SUI,15,RAEMY Nicolas
66,SUI,16,PORTNER Nikola
66,SUI,17,ROTHLISBERGER Samuel
66,SUI,2,SCHMID Andy
66,SUI,22,SCHELKER Jonas
66,SUI,24,TOMINEC Nik
66,SUI,27,GERBL Maximilian
66,SUI,29,ZEHNDER Samuel
66,SUI,31,BRINGOLF Aurel
66,SUI,34,MILOSEVIC Alen
66,SUI,36,NOVAK Philip
66,SUI,4,RUBIN Lenny
66,SUI,6,TYNOWSKI Cedrie
66,SUI,8,SVAJLEN Michal
66,SUI,9,LIER Marvin
67,BRN,14,QAMBAR Qasim
67,BRN,15,ABDULREDHA Mohamed
67,BRN,18,FADHUL Ahmed
67,BRN,19,MERZA Mohamed
67,BRN,21,A.HUSAIN Mohamed
67,BRN,25,ALSHUWAIKH Qasim
67,BRN,3,EID Ali
67,BRN,50,ALMAQABI Ahmed
67,BRN,66,MAHFOODH Komail
67,BRN,7,MERZA Ali
67,BRN,77,ALSALATNA Jasim
67,BRN,88,ALFARDAN Hasan
67,BRN,89,SAAD Mahdi
67,BRN,9,ALSAMAHIJI Hasan
67,BRN,93,AHMED Mohamed
67,BRN,99,ALSAYYAD Husain
67,QAT,10,MARZO Frankis
67,QAT,12,SARIC Danijel
67,QAT,13,ABIDI Mohamed
67,QAT,19,SASSI Marwan
67,QAT,2,ALKRAD Mustafa
67,QAT,23,BERRACHED Allaedine
67,QAT,32,ALDERI Ali
67,QAT,33,ROMANE Houssem
67,QAT,37,SAMI Yassine
67,QAT,4,MABROUK Hassan
67,QAT,41,ALI Youssef
67,QAT,7,MADADI Ahmad
67,QAT,81,DHIAB Amor
67,QAT,86,HASSABALLA Mahmoud
67,QAT,9,CAPOTE Rafael
67,QAT,94,ZAKKAR Ameen
68,ARG,11,MOSCARIELLO Lucas Dario
68,ARG,15,CAROU MARCEL Gonzalo Matias
68,ARG,18,FISCHER Guillermo Jose
68,ARG,19,MARTINEZ CAMI Pedro
68,ARG,2,FERNANDEZ Federico Gaston
68,ARG,20,MARTINEZ Ramiro
68,ARG,22,MOURINO Gaston Alberto
68,ARG,3,PIZARRO Federico
68,ARG,4,SIMONET Sebastian Alejandro
68,ARG,40,MACIEL Leonel Carlos Sergio
68,ARG,5,VAINSTEIN Pablo
68,ARG,6,SIMONET Diego Esteban
68,ARG,7,PIZARRO Ignacio
68,ARG,77,BONANNO Nicolas
68,ARG,87,BAR Juan Manuel
68,ARG,9,BARONETTO Santiago
68,CRO,12,PESIC Ivan
68,CRO,13,HORVAT Zlatko
68,CRO,17,SARAC Josip
68,CRO,18,KARACIC Igor
68,CRO,26,STRLEK Manuel
68,CRO,27,CUPIC Ivan
68,CRO,28,MUSA Zeljko
68,CRO,3,MARIC Marino
68,CRO,30,MAMIC Marko
68,CRO,31,SEBETIC Luka
68,CRO,39,MANDIC David
68,CRO,45,JAGANJAC Halil
68,CRO,5,DUVNJAK Domagoj
68,CRO,51,MARTINOVIC Ivan
68,CRO,53,SIPIC Marin
68,CRO,55,SEGO Marin
69,DEN,1,JACOBSEN Niklas Landin
69,DEN,14,ZACHARIASSEN Anders
69,DEN,15,JENSEN Magnus Saugstrup
69,DEN,17,SVAN Lasse J.
69,DEN,20,MOLLER Kevin
69,DEN,21,JENSEN Henrik Mollgaard
69,DEN,22,LARSEN Mads Mensah
69,DEN,25,OLSEN Morten Toft
69,DEN,28,ANDERSSON Lasse B.
69,DEN,31,NIELSEN Nikolaj Oris
69,DEN,32,HOLM Jacob T.
69,DEN,33,GIDSEL Mathias
69,DEN,34,JENSEN Simon Hald
69,DEN,35,CHRISTENSEN Nikolaj Laeso
69,DEN,4,JACOBSEN Magnus Landin
69,DEN,7,JAKOBSEN Emil M.
69,JPN,10,SUGIOKA Naoki
69,JPN,13,KASAHARA Kenya
69,JPN,14,KITAZUME Asumi
69,JPN,18,NARITA Kohei
69,JPN,19,TOKUDA Shinnosuke
69,JPN,20,WATANABE Jin
69,JPN,22,SAKAI Motoki
69,JPN,27,TAMAKAWA Hiroyasu
69,JPN,31,YOSHINO Tatsuki
69,JPN,33,AGARIE Yuto
69,JPN,36,DEMURA Naotsugu
69,JPN,38,MIZUMACHI Kotaro
69,JPN,39,NAKAMURA Takumi
69,JPN,40,TAKANO Sota
69,JPN,41,TOKUDA Rennosuke
69,JPN,43,YOSHIDA Shuichi
70,BRA,1,SANTOS Maik
70,BRA,11,ANDRADE Cleber
70,BRA,13,MORAES Rogerio
70,BRA,16,da ROSA Rangel
70,BRA,19,CHIUFFA Fabio
70,BRA,2,TEIXEIRA Henrique
70,BRA,25,TEIXEIRA Vinicius
70,BRA,30,PATRIANOVA Arthur
70,BRA,34,LUCIANO Jose
70,BRA,35,PONCIANO Thiago
70,BRA,37,LANGARO Haniel
70,BRA,4,SILVA Joao
70,BRA,5,TORRIANI Guilherme
70,BRA,77,HACKBARTH Rudolph
70,BRA,89,ALMEIDA Cesar
70,BRA,95,RODRIGUES Gustavo
70,GER,1,BITTER Johannes
70,GER,12,HEINEVETTER Silvio
70,GER,18,FIRNHABER Sebastian
70,GER,20,WEBER Philipp
70,GER,22,MICHALZCIK Marian
70,GER,24,GROETZKI Patrick
70,GER,25,HAFNER Kai
70,GER,3,GENSHEIMER Uwe
70,GER,31,SCHILLER Marcel
70,GER,35,KUHN Julius
70,GER,38,BOHM Fabian
70,GER,4,GOLLA Johannes
70,GER,73,KASTENING Timo
70,GER,77,SCHMIDT David
70,GER,95,DRUX Paul
70,GER,96,METZNER Antonio
71,HUN,12,SZEKELY Marton
71,HUN,16,MIKLER Roland
71,HUN,17,NAGY Bence
71,HUN,2,SIPOS Adrian
71,HUN,20,ROSTA Miklos
71,HUN,22,SUNAJKO Stefan
71,HUN,23,MATHE Dominik
71,HUN,25,RODRIGUEZ ALVAREZ Pedro
71,HUN,27,BANHIDI Bence
71,HUN,30,SZITA Zoltan
71,HUN,33,ANCSIN Gabor
71,HUN,39,BODO Richard
71,HUN,47,HORNYAK Peter
71,HUN,66,LEKAI Mate
71,HUN,7,BOKA Bendeguz
71,HUN,77,HANUSZ Egon
71,POL,1,KORNECKI Mateusz
71,POL,11,MAJDZINSKI Maciej
71,POL,19,CZUWARA Jan
71,POL,20,PILITOWSKI Maciej
71,POL,23,MORYTO Arkadiusz
71,POL,26,DASZEK Michal
71,POL,28,GEBALA Maciej
71,POL,30,PRZYBYLSKI Rafal
71,POL,36,DAWYDZIK Dawid
71,POL,4,OLEJNICZAK Michal
71,POL,48,GEBALA Tomasz
71,POL,49,CHRAPKOWSKI Piotr
71,POL,6,KRAJEWSKI Przemyslaw
71,POL,7,WALCZAK Patryk
71,POL,9,SICKO Szymon
71,POL,94,MORAWSKI Adam
72,ESP,10,DUJSHEBAEV DOVICHEBAEVA Alex
72,ESP,11,SARMIENTO MELIAN Daniel
72,ESP,12,CORRALES RODAL Rodrigo
72,ESP,14,SOLE SALA Ferran
72,ESP,15,GONI LEOZ Iosu
72,ESP,17,FIGUERAS TREJO Adrian
72,ESP,21,CANELLAS REIXACH Joan
72,ESP,24,MORROS de ARGILA Viran
72,ESP,28,GOMEZ ABELLO Aleix
72,ESP,29,ARINO BENGOECHEA Aitor
72,ESP,30,GUARDIOLA VILLAPLANA Gedeon
72,ESP,5,MAQUEDA PENO Jorge
72,ESP,52,MARCHAN CRIADO Ruben
72,ESP,59,DUJSHEBAEV DOVICHEBAEVA Daniel
72,ESP,6,FERNANDEZ PEREZ Angel
72,ESP,61,HERNANDEZ FERRER Sergey
72,URU,10,SPANGENBERG TORRE Gabriel
72,URU,11,FALABRINO MEDINA Diego
72,URU,12,VIERA GRANO Andres Antonio
72,URU,13,CANCIO CASAS Maximo Esteban
72,URU,16,GONZALEZ ALLOZA Felipe Alfonso
72,URU,17,MORANDEIRA Diego
72,URU,19,BOTEJARA MERINGOLO Rodrigo Javier
72,URU,2,CHAPARRO ALMADA Gabriel
72,URU,20,RUBBO RODRIGUEZ Federico
72,URU,22,VECINO SZOLNO Sebastian Geronimo
72,URU,24,VELAZCO FERNANDEZ Alejandro Martin
72,URU,34,GOYOAGA ALONSO Geronimo
72,URU,36,ROSTAGNO RIOS Christian David
72,URU,4,LISTON GALBARINI Facundo Manuel
72,URU,74,MILLAN FLORES Guillermo
72,URU,9,FABRA GENTILE Nicolas Gonzalo
73,RHF,16,PAVLENKO Dmitrii
73,RHF,17,KOTOV Aleksandr
73,RHF,23,OSTASHCHENKO Roman
73,RHF,24,KORNEV Dmitry
73,RHF,27,VASILEV Denis
73,RHF,28,KUDINOV Sergei
73,RHF,30,ERMAKOV Aleksandr
73,RHF,33,SHISHKAREV Daniil
73,RHF,44,SOROKA Igor
73,RHF,5,KISELEV Dmitrii
73,RHF,55,VALIULLIN Azat
73,RHF,76,TRETYNKO Stanislav
73,RHF,78,ANDREEV Pavel
73,RHF,87,KIREEV Viktor
73,RHF,89,ZHITNIKOV Dmitrii
73,RHF,99,KOSOROTOV Sergei Mark
73,SWE,11,PETTERSSON Daniel
73,SWE,12,PALICKA Andreas
73,SWE,15,WANNE Hampus
73,SWE,16,AGGEFORS Mikael
73,SWE,19,CLAAR Felix
73,SWE,2,CARLSBOGARD Jonathan
73,SWE,22,PELLAS Lucas
73,SWE,23,LAGERGREN Albin
73,SWE,24,GOTTFRIDSSON Jim
73,SWE,28,EDVARDSSON Jonathan
73,SWE,32,BERGENDAHL Oscar
73,SWE,33,SANDELL Lukas
73,SWE,5,DARJ Max
73,SWE,62,CHRINTZ Valter
73,SWE,66,LINDSKOG Anton
73,SWE,8,JONSSON Alfred
74,EGY,15,HESHAM Ahmed
74,EGY,24,ELMASRY Ibrahim
74,EGY,25,NAWAR Wisam
74,EGY,31,ELWAKIL Omar
74,EGY,39,ELDERAA Yehia
74,EGY,42,KADDAH Hassan
74,EGY,45,ELDERAA Seif
74,EGY,5,OMAR Yahia
74,EGY,53,YOUSRI Akram
74,EGY,66,ELAHMAR Ahmed
74,EGY,88,HENDAWY Karim
74,EGY,89,MAMDOUH Mohamed
74,EGY,9,HASSAN Eslam
74,EGY,90,ZEIN Ali
74,EGY,91,SANAD Mohammad
74,EGY,96,ELTAYAR Mohamed
74,SLO,11,DOLENEC Jure
74,SLO,13,CINGESAR Darko
74,SLO,17,CEHTE Nejc
74,SLO,20,KODRIN Tilen
74,SLO,22,GABER Matej
74,SLO,23,ZARABEC Miha
74,SLO,26,FERLIN Klemen
74,SLO,3,BLAGOTINSEK Blaz
74,SLO,34,OVNICEK Rok
74,SLO,35,MAKUC Domen
74,SLO,44,BOMBAC Dean
74,SLO,5,HENIGMAN Nik
74,SLO,51,MACKOVSEK Borut
74,SLO,8,JANC Blaz
74,SLO,90,LESJAK Urban
74,SLO,95,SUHOLEZNIK Matic
75,BLR,1,MATSKEVICH Ivan
75,BLR,17,KRYVENKA Uladzislau
75,BLR,23,YURYNOK Andrei
75,BLR,3,KULESH Uladzislau
75,BLR,33,MAROZ Ivan
75,BLR,42,USHAL Aliaksei
75,BLR,43,SELVIASIUK Artsiom
75,BLR,47,PADSHYVALAU Aliaksandr
75,BLR,50,KARALEK Artsem
75,BLR,55,VAILUPAU Mikita
75,BLR,62,SAMOILA Kiryl
75,BLR,7,KULAK Artsiom
75,BLR,74,BOKHAN Viachaslau
75,BLR,9,ASTRASHAPKIN Aleh
75,BLR,95,GAYDUCHENKO Vadim
75,BLR,98,ALIOKHIN Mikalai
75,MKD,1,MITREVSKI Nikola
75,MKD,11,TALESKI Filip
75,MKD,12,TOMOVSKI Martin
75,MKD,17,MARKOSKI Nikola
75,MKD,18,KUZMANOVSKI Filip
75,MKD,19,KOSTESKI Nenad
75,MKD,20,DANILOVSKI Nikola
75,MKD,28,POPOVSKI Martin
75,MKD,31,MLADENOVIKJ Mihajlo
75,MKD,33,PESHEVSKI Zharko
75,MKD,5,STOILOV Stojanche
75,MKD,6,DIMITRIOSKI Dimitar
75,MKD,7,LAZAROV Kiril
75,MKD,77,SERAFIMOV Martin
75,MKD,8,KUZMANOSKI Cvetan
75,MKD,97,MISHEVSKI Marko
76,FRA,10,MEM Dika
76,FRA,11,TOURNAT Nicolas
76,FRA,12,GERARD Vincent
76,FRA,14,MAHE Kentin
76,FRA,16,GENTY Yann
76,FRA,17,N'GUESSAN Timothey
76,FRA,19,ABALO Luc
76,FRA,21,GUIGOU Michael
76,FRA,22,KARABATIC Luka
76,FRA,23,FABREGAS Ludovic
76,FRA,25,DESCAT Hugo
76,FRA,27,DIPANDA Adrien
76,FRA,28,PORTE Valentin
76,FRA,5,REMILI Nedim
76,FRA,7,LAGARDE Romain
76,FRA,9,RICHARDSON Melvyn
76,POR,1,QUINTANA Alfredo
76,POR,10,MARTINS Miguel
76,POR,11,MOREIRA Belone
76,POR,14,SILVA Rui
76,POR,15,SALINA Daymaro
76,POR,16,GOMES Humberto
76,POR,22,BORGES Alexis
76,POR,23,BRANQUINHO Diogo
76,POR,24,CAVALCANTI Alexandre
76,POR,25,AREIA Antonio
76,POR,27,GOMES Andre
76,POR,4,PORTELA Pedro
76,POR,5,DUARTE Gilberto
76,POR,8,ITURRIZA Victor
76,POR,88,MAGALHAES Fabio
76,POR,9,FERRAZ Joao
77,ISL,1,GUSTAVSSON Bjorgvin Pall
77,ISL,11,GISLASON Ymir Orn
77,ISL,13,GUDMUNDSSON Olafur Andres
77,ISL,14,MAGNUSSON Omar Ingi
77,ISL,16,HALLGRIMSSON Viktor Gisli
77,ISL,18,KRISTJANSSON Gisli Thorgeir
77,ISL,20,BJORGVINSSON Agust Eli
77,ISL,21,ARNARSSON Arnar Freyr
77,ISL,22,GUDJONSSON Sigvaldi Bjorn
77,ISL,23,GRETARSSON Oddur
77,ISL,24,MAGNUSSON Magnus Oli
77,ISL,26,KRISTJANSSON Kristjan Orn
77,ISL,29,VIDARSSON Ellidi Snaer
77,ISL,3,KRISTJANSSON Kari Kristjan
77,ISL,8,ELISSON Bjarki Mar
77,ISL,9,JONSSON Elvar Orn
77,NOR,11,OVERBY Petter
77,NOR,12,SAEVERAS Kristian
77,NOR,15,TONNESEN Kent Robin
77,NOR,17,JONDAL Magnus
77,NOR,19,BJORNSEN Kristian
77,NOR,23,JOHANNESSEN Goran Sogard
77,NOR,24,O`SULLIVAN Christian
77,NOR,25,TANGEN Eivind
77,NOR,27,REINKIND Harald
77,NOR,30,BERGERUD Torbjorn Sittrup
77,NOR,32,SOLSTAD Thomas
77,NOR,44,GULLIKSEN Kevin Maagero
77,NOR,5,SAGOSEN Sander
77,NOR,7,OVERJORDET Sander
77,NOR,71,BLONZ Alexandre Christoffersen
77,NOR,8,MYRHOL Bjarte
78,ALG,15,SAKER Redouane
78,ALG,16,ZEMOUCHI Yahia
78,ALG,18,KAABECHE Hichem
78,ALG,19,ENSAAD Oqba
78,ALG,2,NAIM Zohir
78,ALG,21,BOUDJENAH Oussem
78,ALG,22,GHEDBANE Khalifa
78,ALG,23,ABDERAHIM Berriah
78,ALG,25,BENDJILALI Sofiane
78,ALG,26,KOURI Mokhtar
78,ALG,36,ABDELKADER Rahim
78,ALG,4,HELLAL Nouredine
78,ALG,44,HADJ SADOK Moustapha
78,ALG,6,BERKOUS Messaoud
78,ALG,7,HICHEM Daoud
78,ALG,87,AYOUB Abdi
78,SUI,11,SIDOROWICZ Roman
78,SUI,15,RAEMY Nicolas
78,SUI,16,PORTNER Nikola
78,SUI,17,ROTHLISBERGER Samuel
78,SUI,2,SCHMID Andy
78,SUI,22,SCHELKER Jonas
78,SUI,24,TOMINEC Nik
78,SUI,29,ZEHNDER Samuel
78,SUI,31,BRINGOLF Aurel
78,SUI,34,MILOSEVIC Alen
78,SUI,36,NOVAK Philip
78,SUI,4,RUBIN Lenny
78,SUI,44,BEN ROMDHANE Medhi
78,SUI,6,TYNOWSKI Cedrie
78,SUI,8,SVAJLEN Michal
78,SUI,9,LIER Marvin
79,CRO,12,PESIC Ivan
79,CRO,13,HORVAT Zlatko
79,CRO,15,KEVIC Janko
79,CRO,18,KARACIC Igor
79,CRO,26,STRLEK Manuel
79,CRO,27,CUPIC Ivan
79,CRO,28,MUSA Zeljko
79,CRO,3,MARIC Marino
79,CRO,30,MAMIC Marko
79,CRO,31,SEBETIC Luka
79,CRO,34,BROZOVIC Ilija
79,CRO,39,MANDIC David
79,CRO,45,JAGANJAC Halil
79,CRO,5,DUVNJAK Domagoj
79,CRO,51,MARTINOVIC Ivan
79,CRO,55,SEGO Marin
79,DEN,1,JACOBSEN Niklas Landin
79,DEN,14,ZACHARIASSEN Anders
79,DEN,15,JENSEN Magnus Saugstrup
79,DEN,20,MOLLER Kevin
79,DEN,21,JENSEN Henrik Mollgaard
79,DEN,22,LARSEN Mads Mensah
79,DEN,25,OLSEN Morten Toft
79,DEN,26,HANSEN Johan P.
79,DEN,28,ANDERSSON Lasse B.
79,DEN,31,NIELSEN Nikolaj Oris
79,DEN,32,HOLM Jacob T.
79,DEN,33,GIDSEL Mathias
79,DEN,34,JENSEN Simon Hald
79,DEN,35,CHRISTENSEN Nikolaj Laeso
79,DEN,4,JACOBSEN Magnus Landin
79,DEN,7,JAKOBSEN Emil M.
80,ARG,11,MOSCARIELLO Lucas Dario
80,ARG,15,CAROU MARCEL Gonzalo Matias
80,ARG,19,MARTINEZ CAMI Pedro
80,ARG,2,FERNANDEZ Federico Gaston
80,ARG,20,MARTINEZ Ramiro
80,ARG,22,MOURINO Gaston Alberto
80,ARG,3,PIZARRO Federico
80,ARG,4,SIMONET Sebastian Alejandro
80,ARG,40,MACIEL Leonel Carlos Sergio
80,ARG,5,VAINSTEIN Pablo
80,ARG,6,SIMONET Diego Esteban
80,ARG,7,PIZARRO Ignacio
80,ARG,77,BONANNO Nicolas
80,ARG,8,SIMONET Pablo Ariel
80,ARG,87,BAR Juan Manuel
80,ARG,9,BARONETTO Santiago
80,QAT,10,MARZO Frankis
80,QAT,12,SARIC Danijel
80,QAT,13,ABIDI Mohamed
80,QAT,19,SASSI Marwan
80,QAT,2,ALKRAD Mustafa
80,QAT,23,BERRACHED Allaedine
80,QAT,32,ALDERI Ali
80,QAT,33,ROMANE Houssem
80,QAT,37,SAMI Yassine
80,QAT,4,MABROUK Hassan
80,QAT,41,ALI Youssef
80,QAT,7,MADADI Ahmad
80,QAT,81,DHIAB Amor
80,QAT,86,HASSABALLA Mahmoud
80,QAT,9,CAPOTE Rafael
80,QAT,94,ZAKKAR Ameen
81,BRN,14,QAMBAR Qasim
81,BRN,15,ABDULREDHA Mohamed
81,BRN,18,FADHUL Ahmed
81,BRN,19,MERZA Mohamed
81,BRN,21,A.HUSAIN Mohamed
81,BRN,25,ALSHUWAIKH Qasim
81,BRN,66,MAHFOODH Komail
81,BRN,7,MERZA Ali
81,BRN,77,ALSALATNA Jasim
81,BRN,78,SALMAN Ali
81,BRN,88,ALFARDAN Hasan
81,BRN,89,SAAD Mahdi
81,BRN,9,ALSAMAHIJI Hasan
81,BRN,93,AHMED Mohamed
81,BRN,98,HABIB Mohamed
81,BRN,99,ALSAYYAD Husain
81,JPN,12,IWASHITA Yuta
81,JPN,13,KASAHARA Kenya
81,JPN,14,KITAZUME Asumi
81,JPN,18,NARITA Kohei
81,JPN,20,WATANABE Jin
81,JPN,21,DOI Remi Anri
81,JPN,22,SAKAI Motoki
81,JPN,25,MOTOKI Hiroki
81,JPN,27,TAMAKAWA Hiroyasu
81,JPN,31,YOSHINO Tatsuki
81,JPN,33,AGARIE Yuto
81,JPN,36,DEMURA Naotsugu
81,JPN,38,MIZUMACHI Kotaro
81,JPN,40,TAKANO Sota
81,JPN,41,TOKUDA Rennosuke
81,JPN,43,YOSHIDA Shuichi
82,ESP,1,PEREZ de VARGAS MORENO Gonzalo
82,ESP,10,DUJSHEBAEV DOVICHEBAEVA Alex
82,ESP,11,SARMIENTO MELIAN Daniel
82,ESP,12,CORRALES RODAL Rodrigo
82,ESP,14,SOLE SALA Ferran
82,ESP,17,FIGUERAS TREJO Adrian
82,ESP,21,CANELLAS REIXACH Joan
82,ESP,24,MORROS de ARGILA Viran
82,ESP,28,GOMEZ ABELLO Aleix
82,ESP,29,ARINO BENGOECHEA Aitor
82,ESP,30,GUARDIOLA VILLAPLANA Gedeon
82,ESP,5,MAQUEDA PENO Jorge
82,ESP,52,MARCHAN CRIADO Ruben
82,ESP,59,DUJSHEBAEV DOVICHEBAEVA Daniel
82,ESP,6,FERNANDEZ PEREZ Angel
82,ESP,9,ENTRERRIOS RODRIGUEZ Raul
82,HUN,12,SZEKELY Marton
82,HUN,15,GYORI Matyas
82,HUN,17,NAGY Bence
82,HUN,2,SIPOS Adrian
82,HUN,20,ROSTA Miklos
82,HUN,22,SUNAJKO Stefan
82,HUN,23,MATHE Dominik
82,HUN,24,BORBELY Adam
82,HUN,3,TOPIC Petar
82,HUN,30,SZITA Zoltan
82,HUN,33,ANCSIN Gabor
82,HUN,39,BODO Richard
82,HUN,47,HORNYAK Peter
82,HUN,7,BOKA Bendeguz
82,HUN,77,HANUSZ Egon
82,HUN,9,BALOGH Zsolt
83,GER,12,HEINEVETTER Silvio
83,GER,15,KNORR Juri
83,GER,18,FIRNHABER Sebastian
83,GER,20,WEBER Philipp
83,GER,22,MICHALZCIK Marian
83,GER,24,GROETZKI Patrick
83,GER,25,HAFNER Kai
83,GER,3,GENSHEIMER Uwe
83,GER,31,SCHILLER Marcel
83,GER,33,WOLF Andreas
83,GER,35,KUHN Julius
83,GER,38,BOHM Fabian
83,GER,4,GOLLA Johannes
83,GER,73,KASTENING Timo
83,GER,77,SCHMIDT David
83,GER,95,DRUX Paul
83,POL,1,KORNECKI Mateusz
83,POL,11,MAJDZINSKI Maciej
83,POL,14,OSSOWSKI Arkadiusz
83,POL,19,CZUWARA Jan
83,POL,20,PILITOWSKI Maciej
83,POL,23,MORYTO Arkadiusz
83,POL,26,DASZEK Michal
83,POL,28,GEBALA Maciej
83,POL,30,PRZYBYLSKI Rafal
83,POL,36,DAWYDZIK Dawid
83,POL,48,GEBALA Tomasz
83,POL,49,CHRAPKOWSKI Piotr
83,POL,6,KRAJEWSKI Przemyslaw
83,POL,7,WALCZAK Patryk
83,POL,9,SICKO Szymon
83,POL,94,MORAWSKI Adam
84,BRA,1,SANTOS Maik
84,BRA,11,ANDRADE Cleber
84,BRA,13,MORAES Rogerio
84,BRA,16,da ROSA Rangel
84,BRA,19,CHIUFFA Fabio
84,BRA,25,TEIXEIRA Vinicius
84,BRA,30,PATRIANOVA Arthur
84,BRA,33,DUTRA Leonardo
84,BRA,34,LUCIANO Jose
84,BRA,35,PONCIANO Thiago
84,BRA,37,LANGARO Haniel
84,BRA,4,SILVA Joao
84,BRA,5,TORRIANI Guilherme
84,BRA,77,HACKBARTH Rudolph
84,BRA,89,ALMEIDA Cesar
84,BRA,95,RODRIGUES Gustavo
84,URU,1,NAVARRETE GAMBINO Luis Felipe
84,URU,10,SPANGENBERG TORRE Gabriel
84,URU,13,CANCIO CASAS Maximo Esteban
84,URU,15,MENDEZ SUAREZ Bruno Valentin
84,URU,16,GONZALEZ ALLOZA Felipe Alfonso
84,URU,17,MORANDEIRA Diego
84,URU,19,BOTEJARA MERINGOLO Rodrigo Javier
84,URU,2,CHAPARRO ALMADA Gabriel
84,URU,20,RUBBO RODRIGUEZ Federico
84,URU,22,VECINO SZOLNO Sebastian Geronimo
84,URU,24,VELAZCO FERNANDEZ Alejandro Martin
84,URU,34,GOYOAGA ALONSO Geronimo
84,URU,36,ROSTAGNO RIOS Christian David
84,URU,4,LISTON GALBARINI Facundo Manuel
84,URU,40,de AGRELA MILGRON Maximiliano
84,URU,9,FABRA GENTILE Nicolas Gonzalo
85,AUT,16,KAIPER Florian
85,AUT,20,FRIMMEL Sebastian
85,AUT,24,DICKER Daniel
85,AUT,26,HERBURGER Lukas
85,AUT,30,ZIVKOVIC Boris
85,AUT,31,PRATSCHNER Julian
85,AUT,4,HERMANN Maximilian
85,AUT,40,EICHBERGER Thomas
85,AUT,44,RANFTL Julian
85,AUT,55,WAGNER Tobias
85,AUT,57,HUBER Balthasar
85,AUT,60,JOCHMANN Jakob
85,AUT,72,HUTECEK Lukas
85,AUT,77,STEVANOVIC Nikola
85,AUT,8,WEBER Robert
85,AUT,94,NEUHOLD Christoph
85,MAR,1,IDRISSI Yassine
85,MAR,10,ZAROILI Mohamed
85,MAR,12,LAAROUSSI Alae
85,MAR,15,OUZROUR Younes
85,MAR,18,BELLIMAM Lahcen
85,MAR,21,FOUGANI Nacym Hamed
85,MAR,24,EZZINE Mohammed
85,MAR,27,LAMDAKKAR Sami
85,MAR,46,HARCHAOUI Amine
85,MAR,7,REZZOUKI Reida
85,MAR,8,BENTALEB Mohamed Amine
85,MAR,91,ADLI Achraf
85,MAR,92,EL KACHRADI Hassan
85,MAR,93,LAKBI Ryad
85,MAR,94,ISMAILI  ALAOUI Mehdi
85,MAR,99,SLASSI Nabil
86,CHI,1,BARRIENTOS Felipe
86,CHI,10,FEUCHTMANN Emil
86,CHI,11,SALINAS Esteban
86,CHI,12,GARCIA Felipe
86,CHI,16,GONZALEZ Vicente
86,CHI,17,SALINAS Rodrigo
86,CHI,2,CEBALLOS Sebastian
86,CHI,20,PAVEZ Sebastian
86,CHI,21,FEUCHTMANN Harald
86,CHI,23,CALLEJA Benjamin
86,CHI,29,ONETO Marco
86,CHI,30,AYALA Daniel
86,CHI,4,FEUCHTMANN Erwin
86,CHI,7,REYES Diego
86,CHI,77,DONOSO Victor
86,CHI,9,FRELIJJ Javier
86,KOR,10,YU Chanmin
86,KOR,19,BAEK Seunggeon
86,KOR,21,LEE Seungmin
86,KOR,22,LEE Byeongju
86,KOR,23,JEON Youngje
86,KOR,24,KIM Myeongjong
86,KOR,26,KIM Jinyoung
86,KOR,27,YU Myeonghan
86,KOR,28,KIM Jinho
86,KOR,33,KIM Jaesoon
86,KOR,77,LEE Changwoo
86,KOR,8,KIM Hyeonwoo
86,KOR,83,KANG Jungu
86,KOR,87,KIM Jiun
86,KOR,88,JANG Junyoung
86,KOR,97,KIM Taeung
88,ANG,10,NASCIMENTO Manuel Antonio
88,ANG,11,COUVEIRO Feliciano Nunes
88,ANG,13,TATI Mario De Jesus Ntida
88,ANG,14,CHICOLA Claudio A. Patricio
88,ANG,15,PANZO Mayomona Antonio
88,ANG,16,MUACHISSENGUE Giovany R.
88,ANG,17,ABREU Edgar Emanuel M
88,ANG,20,GOUVEIA Custodio Joao
88,ANG,22,ANTONIO Elias
88,ANG,3,AGUIAR Jaroslav Catraio Joao
88,ANG,4,TECA Gabriel Massuca
88,ANG,5,HEBO Rome Antonio Diogo
88,ANG,7,LOPES Claudio Carneiro
88,ANG,79,FERREIRA Edvaldo L. Da Silva
88,ANG,8,PASCOAL Otiniel A. Cachacha
88,ANG,9,MANECO Adilson Bruno Celestino
88,COD,1,SOBTACDOUG TIETCHOP Berlin
88,COD,10,NGOULOU QUENTIN Andre
88,COD,11,NGANDO OUEDRAOGO Adam
88,COD,12,LUCAU HERDEIRO Junior
88,COD,14,EBANGA NOAH Fabrice
88,COD,15,MVUMBI THIERRY Gauthier
88,COD,16,JACOBY KOALY Jordy
88,COD,17,KIANGEBENI KAWOLA Johan
88,COD,18,EYANGA SIMOKETO Baudric
88,COD,22,BEAUREGARD MBAKA Frederic
88,COD,27,BOTETSI Olivier
88,COD,4,YAHOZA MOGA Christian
88,COD,68,TCHITOMBI Aurelien
88,COD,75,CORNEIL OLIVIER Steeven
88,COD,84,TUZOLANA Audray
88,COD,9,BOUITY GENESE Zephyrin
89,AUT,16,KAIPER Florian
89,AUT,20,FRIMMEL Sebastian
89,AUT,24,DICKER Daniel
89,AUT,26,HERBURGER Lukas
89,AUT,30,ZIVKOVIC Boris
89,AUT,31,PRATSCHNER Julian
89,AUT,4,HERMANN Maximilian
89,AUT,40,EICHBERGER Thomas
89,AUT,44,RANFTL Julian
89,AUT,55,WAGNER Tobias
89,AUT,57,HUBER Balthasar
89,AUT,60,JOCHMANN Jakob
89,AUT,72,HUTECEK Lukas
89,AUT,77,STEVANOVIC Nikola
89,AUT,8,WEBER Robert
89,AUT,94,NEUHOLD Christoph
89,CHI,1,BARRIENTOS Felipe
89,CHI,10,FEUCHTMANN Emil
89,CHI,11,SALINAS Esteban
89,CHI,12,GARCIA Felipe
89,CHI,14,ILLESCA Benjamin
89,CHI,16,GONZALEZ Vicente
89,CHI,17,SALINAS Rodrigo
89,CHI,2,CEBALLOS Sebastian
89,CHI,20,PAVEZ Sebastian
89,CHI,23,CALLEJA Benjamin
89,CHI,29,ONETO Marco
89,CHI,30,AYALA Daniel
89,CHI,4,FEUCHTMANN Erwin
89,CHI,7,REYES Diego
89,CHI,77,DONOSO Victor
89,CHI,9,FRELIJJ Javier
90,KOR,10,YU Chanmin
90,KOR,13,LEE Junhee
90,KOR,21,LEE Seungmin
90,KOR,22,LEE Byeongju
90,KOR,23,JEON Youngje
90,KOR,24,KIM Myeongjong
90,KOR,26,KIM Jinyoung
90,KOR,27,YU Myeonghan
90,KOR,28,KIM Jinho
90,KOR,32,JO Donghyeon
90,KOR,77,LEE Changwoo
90,KOR,8,KIM Hyeonwoo
90,KOR,83,KANG Jungu
90,KOR,87,KIM Jiun
90,KOR,97,KIM Taeung
90,KOR,98,AN Jaepil
90,MAR,1,IDRISSI Yassine
90,MAR,10,ZAROILI Mohamed
90,MAR,12,LAAROUSSI Alae
90,MAR,13,HAKIMI Hicham
90,MAR,15,OUZROUR Younes
90,MAR,18,BELLIMAM Lahcen
90,MAR,21,FOUGANI Nacym Hamed
90,MAR,24,EZZINE Mohammed
90,MAR,46,HARCHAOUI Amine
90,MAR,7,REZZOUKI Reida
90,MAR,8,BENTALEB Mohamed Amine
90,MAR,91,ADLI Achraf
90,MAR,92,EL KACHRADI Hassan
90,MAR,93,LAKBI Ryad
90,MAR,94,ISMAILI  ALAOUI Mehdi
90,MAR,99,SLASSI Nabil
92,COD,1,SOBTACDOUG TIETCHOP Berlin
92,COD,10,NGOULOU QUENTIN Andre
92,COD,11,NGANDO OUEDRAOGO Adam
92,COD,14,EBANGA NOAH Fabrice
92,COD,15,MVUMBI THIERRY Gauthier
92,COD,16,JACOBY KOALY Jordy
92,COD,17,KIANGEBENI KAWOLA Johan
92,COD,18,EYANGA SIMOKETO Baudric
92,COD,22,BEAUREGARD MBAKA Frederic
92,COD,27,BOTETSI Olivier
92,COD,4,YAHOZA MOGA Christian
92,COD,55,MORISHO LOMBE Daniel
92,COD,75,CORNEIL OLIVIER Steeven
92,COD,8,MATHEY JOHN Daniel
92,COD,83,KINZONZOLO MIATUDILA Jacques
92,COD,9,BOUITY GENESE Zephyrin
92,TUN,15,HAJ YOUSSEF Khaled
92,TUN,19,SANAI Mosbah
92,TUN,22,MAAREF Yousef
92,TUN,27,RZIG Issam
92,TUN,28,BACHA Hazem
92,TUN,55,TOUMI Ghassen
92,TUN,66,JBELI Islem
92,TUN,69,JABALLAH Jihed
92,TUN,7,MAJDOUB Ramzi
92,TUN,71,DARMOUL Mohamed Amine
92,TUN,77,ZAIED Skander
92,TUN,88,SOUSSI Marwene
92,TUN,92,JAZIRI Oussama
92,TUN,94,HARBAOUI Mehdi Sadri
92,TUN,96,BEN ABDALLAH Anouar
92,TUN,97,MARGHELI Achraf
93,AUT,1,BAUER Thomas
93,AUT,19,JURIC Antonio
93,AUT,26,HERBURGER Lukas
93,AUT,28,ZEINER Gerald
93,AUT,30,ZIVKOVIC Boris
93,AUT,31,PRATSCHNER Julian
93,AUT,4,HERMANN Maximilian
93,AUT,40,EICHBERGER Thomas
93,AUT,44,RANFTL Julian
93,AUT,55,WAGNER Tobias
93,AUT,57,HUBER Balthasar
93,AUT,6,SCHMID Dominik
93,AUT,60,JOCHMANN Jakob
93,AUT,72,HUTECEK Lukas
93,AUT,77,STEVANOVIC Nikola
93,AUT,8,WEBER Robert
93,KOR,10,YU Chanmin
93,KOR,13,LEE Junhee
93,KOR,19,BAEK Seunggeon
93,KOR,21,LEE Seungmin
93,KOR,22,LEE Byeongju
93,KOR,23,JEON Youngje
93,KOR,24,KIM Myeongjong
93,KOR,26,KIM Jinyoung
93,KOR,27,YU Myeonghan
93,KOR,28,KIM Jinho
93,KOR,32,JO Donghyeon
93,KOR,33,KIM Jaesoon
93,KOR,77,LEE Changwoo
93,KOR,8,KIM Hyeonwoo
93,KOR,83,KANG Jungu
93,KOR,88,JANG Junyoung
94,CHI,1,BARRIENTOS Felipe
94,CHI,10,FEUCHTMANN Emil
94,CHI,11,SALINAS Esteban
94,CHI,12,GARCIA Felipe
94,CHI,14,ILLESCA Benjamin
94,CHI,16,GONZALEZ Vicente
94,CHI,2,CEBALLOS Sebastian
94,CHI,20,PAVEZ Sebastian
94,CHI,23,CALLEJA Benjamin
94,CHI,29,ONETO Marco
94,CHI,30,AYALA Daniel
94,CHI,4,FEUCHTMANN Erwin
94,CHI,6,DELGADO Arian
94,CHI,7,REYES Diego
94,CHI,77,DONOSO Victor
94,CHI,9,FRELIJJ Javier
94,MAR,1,IDRISSI Yassine
94,MAR,10,ZAROILI Mohamed
94,MAR,12,LAAROUSSI Alae
94,MAR,13,HAKIMI Hicham
94,MAR,15,OUZROUR Younes
94,MAR,18,BELLIMAM Lahcen
94,MAR,21,FOUGANI Nacym Hamed
94,MAR,24,EZZINE Mohammed
94,MAR,27,LAMDAKKAR Sami
94,MAR,46,HARCHAOUI Amine
94,MAR,8,BENTALEB Mohamed Amine
94,MAR,91,ADLI Achraf
94,MAR,92,EL KACHRADI Hassan
94,MAR,93,LAKBI Ryad
94,MAR,94,ISMAILI  ALAOUI Mehdi
94,MAR,99,SLASSI Nabil
96,ANG,10,NASCIMENTO Manuel Antonio
96,ANG,11,COUVEIRO Feliciano Nunes
96,ANG,13,TATI Mario De Jesus Ntida
96,ANG,14,CHICOLA Claudio A. Patricio
96,ANG,15,PANZO Mayomona Antonio
96,ANG,16,MUACHISSENGUE Giovany R.
96,ANG,17,ABREU Edgar Emanuel M
96,ANG,20,GOUVEIA Custodio Joao
96,ANG,22,ANTONIO Elias
96,ANG,3,AGUIAR Jaroslav Catraio Joao
96,ANG,4,TECA Gabriel Massuca
96,ANG,5,HEBO Rome Antonio Diogo
96,ANG,7,LOPES Claudio Carneiro
96,ANG,79,FERREIRA Edvaldo L. Da Silva
96,ANG,8,PASCOAL Otiniel A. Cachacha
96,ANG,9,MANECO Adilson Bruno Celestino
96,TUN,12,MAGGAIZ Marouen
96,TUN,19,SANAI Mosbah
96,TUN,22,MAAREF Yousef
96,TUN,27,RZIG Issam
96,TUN,28,BACHA Hazem
96,TUN,55,TOUMI Ghassen
96,TUN,6,BEN GHALI Ghazi
96,TUN,69,JABALLAH Jihed
96,TUN,7,MAJDOUB Ramzi
96,TUN,71,DARMOUL Mohamed Amine
96,TUN,77,ZAIED Skander
96,TUN,8,FEKIH Rami
96,TUN,88,SOUSSI Marwene
96,TUN,92,JAZIRI Oussama
96,TUN,96,BEN ABDALLAH Anouar
96,TUN,97,MARGHELI Achraf
97,CHI,1,BARRIENTOS Felipe
97,CHI,10,FEUCHTMANN Emil
97,CHI,11,SALINAS Esteban
97,CHI,12,GARCIA Felipe
97,CHI,14,ILLESCA Benjamin
97,CHI,16,GONZALEZ Vicente
97,CHI,17,SALINAS Rodrigo
97,CHI,2,CEBALLOS Sebastian
97,CHI,20,PAVEZ Sebastian
97,CHI,29,ONETO Marco
97,CHI,30,AYALA Daniel
97,CHI,4,FEUCHTMANN Erwin
97,CHI,6,DELGADO Arian
97,CHI,7,REYES Diego
97,CHI,77,DONOSO Victor
97,CHI,9,FRELIJJ Javier
97,COD,1,SOBTACDOUG TIETCHOP Berlin
97,COD,10,NGOULOU QUENTIN Andre
97,COD,11,NGANDO OUEDRAOGO Adam
97,COD,14,EBANGA NOAH Fabrice
97,COD,16,JACOBY KOALY Jordy
97,COD,17,KIANGEBENI KAWOLA Johan
97,COD,18,EYANGA SIMOKETO Baudric
97,COD,22,BEAUREGARD MBAKA Frederic
97,COD,27,BOTETSI Olivier
97,COD,4,YAHOZA MOGA Christian
97,COD,5,MORISHO LOMBE Daniel
97,COD,75,CORNEIL OLIVIER Steeven
97,COD,8,MATHEY JOHN Daniel
97,COD,83,KINZONZOLO MIATUDILA Jacques
97,COD,84,TUZOLANA Audray
97,COD,9,BOUITY GENESE Zephyrin
98,AUT,1,BAUER Thomas
98,AUT,20,FRIMMEL Sebastian
98,AUT,24,DICKER Daniel
98,AUT,26,HERBURGER Lukas
98,AUT,28,ZEINER Gerald
98,AUT,30,ZIVKOVIC Boris
98,AUT,4,HERMANN Maximilian
98,AUT,40,EICHBERGER Thomas
98,AUT,44,RANFTL Julian
98,AUT,55,WAGNER Tobias
98,AUT,57,HUBER Balthasar
98,AUT,6,SCHMID Dominik
98,AUT,60,JOCHMANN Jakob
98,AUT,72,HUTECEK Lukas
98,AUT,77,STEVANOVIC Nikola
98,AUT,8,WEBER Robert
98,TUN,19,SANAI Mosbah
98,TUN,22,MAAREF Yousef
98,TUN,27,RZIG Issam
98,TUN,28,BACHA Hazem
98,TUN,55,TOUMI Ghassen
98,TUN,6,BEN GHALI Ghazi
98,TUN,66,JBELI Islem
98,TUN,69,JABALLAH Jihed
98,TUN,7,MAJDOUB Ramzi
98,TUN,71,DARMOUL Mohamed Amine
98,TUN,77,ZAIED Skander
98,TUN,88,SOUSSI Marwene
98,TUN,92,JAZIRI Oussama
98,TUN,94,HARBAOUI Mehdi Sadri
98,TUN,96,BEN ABDALLAH Anouar
98,TUN,97,MARGHELI Achraf
100,ANG,10,NASCIMENTO Manuel Antonio
100,ANG,11,COUVEIRO Feliciano Nunes
100,ANG,13,TATI Mario De Jesus Ntida
100,ANG,14,CHICOLA Claudio A. Patricio
100,ANG,15,PANZO Mayomona Antonio
100,ANG,16,MUACHISSENGUE Giovany R.
100,ANG,17,ABREU Edgar Emanuel M
100,ANG,20,GOUVEIA Custodio Joao
100,ANG,22,ANTONIO Elias
100,ANG,3,AGUIAR Jaroslav Catraio Joao
100,ANG,4,TECA Gabriel Massuca
100,ANG,5,HEBO Rome Antonio Diogo
100,ANG,7,LOPES Claudio Carneiro
100,ANG,79,FERREIRA Edvaldo L. Da Silva
100,ANG,8,PASCOAL Otiniel A. Cachacha
100,ANG,9,MANECO Adilson Bruno Celestino
100,MAR,1,IDRISSI Yassine
100,MAR,10,ZAROILI Mohamed
100,MAR,12,LAAROUSSI Alae
100,MAR,13,HAKIMI Hicham
100,MAR,15,OUZROUR Younes
100,MAR,18,BELLIMAM Lahcen
100,MAR,21,FOUGANI Nacym Hamed
100,MAR,24,EZZINE Mohammed
100,MAR,46,HARCHAOUI Amine
100,MAR,7,REZZOUKI Reida
100,MAR,8,BENTALEB Mohamed Amine
100,MAR,91,ADLI Achraf
100,MAR,92,EL KACHRADI Hassan
100,MAR,93,LAKBI Ryad
100,MAR,94,ISMAILI  ALAOUI Mehdi
100,MAR,96,EL MOUADDAR Youssef
101,DEN,1,JACOBSEN Niklas Landin
101,DEN,14,ZACHARIASSEN Anders
101,DEN,15,JENSEN Magnus Saugstrup
101,DEN,17,SVAN Lasse J.
101,DEN,20,MOLLER Kevin
101,DEN,21,JENSEN Henrik Mollgaard
101,DEN,22,LARSEN Mads Mensah
101,DEN,24,HANSEN Mikkel
101,DEN,25,OLSEN Morten Toft
101,DEN,28,ANDERSSON Lasse B.
101,DEN,31,NIELSEN Nikolaj Oris
101,DEN,32,HOLM Jacob T.
101,DEN,33,GIDSEL Mathias
101,DEN,34,JENSEN Simon Hald
101,DEN,4,JACOBSEN Magnus Landin
101,DEN,7,JAKOBSEN Emil M.
101,EGY,11,MOAMEN Ahmed
101,EGY,15,HESHAM Ahmed
101,EGY,24,ELMASRY Ibrahim
101,EGY,25,NAWAR Wisam
101,EGY,31,ELWAKIL Omar
101,EGY,39,ELDERAA Yehia
101,EGY,42,KADDAH Hassan
101,EGY,45,ELDERAA Seif
101,EGY,5,OMAR Yahia
101,EGY,53,YOUSRI Akram
101,EGY,66,ELAHMAR Ahmed
101,EGY,88,HENDAWY Karim
101,EGY,89,MAMDOUH Mohamed
101,EGY,90,ZEIN Ali
101,EGY,91,SANAD Mohammad
101,EGY,96,ELTAYAR Mohamed
102,QAT,1,SOUSSI Mohamed
102,QAT,10,MARZO Frankis
102,QAT,13,ABIDI Mohamed
102,QAT,19,SASSI Marwan
102,QAT,2,ALKRAD Mustafa
102,QAT,23,BERRACHED Allaedine
102,QAT,32,ALDERI Ali
102,QAT,33,ROMANE Houssem
102,QAT,37,SAMI Yassine
102,QAT,4,MABROUK Hassan
102,QAT,41,ALI Youssef
102,QAT,7,MADADI Ahmad
102,QAT,81,DHIAB Amor
102,QAT,86,HASSABALLA Mahmoud
102,QAT,9,CAPOTE Rafael
102,QAT,94,ZAKKAR Ameen
102,SWE,11,PETTERSSON Daniel
102,SWE,12,PALICKA Andreas
102,SWE,15,WANNE Hampus
102,SWE,16,AGGEFORS Mikael
102,SWE,18,PETTERSSON Fredric
102,SWE,19,CLAAR Felix
102,SWE,2,CARLSBOGARD Jonathan
102,SWE,22,PELLAS Lucas
102,SWE,23,LAGERGREN Albin
102,SWE,24,GOTTFRIDSSON Jim
102,SWE,28,EDVARDSSON Jonathan
102,SWE,33,SANDELL Lukas
102,SWE,5,DARJ Max
102,SWE,62,CHRINTZ Valter
102,SWE,66,LINDSKOG Anton
102,SWE,8,JONSSON Alfred
103,ESP,1,PEREZ de VARGAS MORENO Gonzalo
103,ESP,10,DUJSHEBAEV DOVICHEBAEVA Alex
103,ESP,11,SARMIENTO MELIAN Daniel
103,ESP,12,CORRALES RODAL Rodrigo
103,ESP,14,SOLE SALA Ferran
103,ESP,17,FIGUERAS TREJO Adrian
103,ESP,21,CANELLAS REIXACH Joan
103,ESP,24,MORROS de ARGILA Viran
103,ESP,28,GOMEZ ABELLO Aleix
103,ESP,29,ARINO BENGOECHEA Aitor
103,ESP,30,GUARDIOLA VILLAPLANA Gedeon
103,ESP,5,MAQUEDA PENO Jorge
103,ESP,52,MARCHAN CRIADO Ruben
103,ESP,59,DUJSHEBAEV DOVICHEBAEVA Daniel
103,ESP,6,FERNANDEZ PEREZ Angel
103,ESP,9,ENTRERRIOS RODRIGUEZ Raul
103,NOR,11,OVERBY Petter
103,NOR,12,SAEVERAS Kristian
103,NOR,15,TONNESEN Kent Robin
103,NOR,17,JONDAL Magnus
103,NOR,19,BJORNSEN Kristian
103,NOR,23,JOHANNESSEN Goran Sogard
103,NOR,24,O`SULLIVAN Christian
103,NOR,25,TANGEN Eivind
103,NOR,26,PETTERSEN Simen Holand
103,NOR,27,REINKIND Harald
103,NOR,30,BERGERUD Torbjorn Sittrup
103,NOR,32,SOLSTAD Thomas
103,NOR,44,GULLIKSEN Kevin Maagero
103,NOR,5,SAGOSEN Sander
103,NOR,71,BLONZ Alexandre Christoffersen
103,NOR,8,MYRHOL Bjarte
104,FRA,10,MEM Dika
104,FRA,11,TOURNAT Nicolas
104,FRA,12,GERARD Vincent
104,FRA,14,MAHE Kentin
104,FRA,16,GENTY Yann
104,FRA,17,N'GUESSAN Timothey
104,FRA,19,ABALO Luc
104,FRA,21,GUIGOU Michael
104,FRA,22,KARABATIC Luka
104,FRA,23,FABREGAS Ludovic
104,FRA,25,DESCAT Hugo
104,FRA,27,DIPANDA Adrien
104,FRA,28,PORTE Valentin
104,FRA,5,REMILI Nedim
104,FRA,7,LAGARDE Romain
104,FRA,9,RICHARDSON Melvyn
104,HUN,12,SZEKELY Marton
104,HUN,15,GYORI Matyas
104,HUN,16,MIKLER Roland
104,HUN,2,SIPOS Adrian
104,HUN,20,ROSTA Miklos
104,HUN,22,SUNAJKO Stefan
104,HUN,23,MATHE Dominik
104,HUN,25,RODRIGUEZ ALVAREZ Pedro
104,HUN,27,BANHIDI Bence
104,HUN,30,SZITA Zoltan
104,HUN,33,ANCSIN Gabor
104,HUN,39,BODO Richard
104,HUN,47,HORNYAK Peter
104,HUN,66,LEKAI Mate
104,HUN,7,BOKA Bendeguz
104,HUN,9,BALOGH Zsolt
105,DEN,1,JACOBSEN Niklas Landin
105,DEN,14,ZACHARIASSEN Anders
105,DEN,15,JENSEN Magnus Saugstrup
105,DEN,17,SVAN Lasse J.
105,DEN,20,MOLLER Kevin
105,DEN,21,JENSEN Henrik Mollgaard
105,DEN,22,LARSEN Mads Mensah
105,DEN,24,HANSEN Mikkel
105,DEN,25,OLSEN Morten Toft
105,DEN,28,ANDERSSON Lasse B.
105,DEN,31,NIELSEN Nikolaj Oris
105,DEN,32,HOLM Jacob T.
105,DEN,33,GIDSEL Mathias
105,DEN,34,JENSEN Simon Hald
105,DEN,4,JACOBSEN Magnus Landin
105,DEN,7,JAKOBSEN Emil M.
105,ESP,1,PEREZ de VARGAS MORENO Gonzalo
105,ESP,10,DUJSHEBAEV DOVICHEBAEVA Alex
105,ESP,11,SARMIENTO MELIAN Daniel
105,ESP,12,CORRALES RODAL Rodrigo
105,ESP,14,SOLE SALA Ferran
105,ESP,17,FIGUERAS TREJO Adrian
105,ESP,21,CANELLAS REIXACH Joan
105,ESP,24,MORROS de ARGILA Viran
105,ESP,28,GOMEZ ABELLO Aleix
105,ESP,29,ARINO BENGOECHEA Aitor
105,ESP,30,GUARDIOLA VILLAPLANA Gedeon
105,ESP,5,MAQUEDA PENO Jorge
105,ESP,52,MARCHAN CRIADO Ruben
105,ESP,59,DUJSHEBAEV DOVICHEBAEVA Daniel
105,ESP,6,FERNANDEZ PEREZ Angel
105,ESP,9,ENTRERRIOS RODRIGUEZ Raul
106,FRA,10,MEM Dika
106,FRA,11,TOURNAT Nicolas
106,FRA,12,GERARD Vincent
106,FRA,14,MAHE Kentin
106,FRA,16,GENTY Yann
106,FRA,19,ABALO Luc
106,FRA,21,GUIGOU Michael
106,FRA,23,FABREGAS Ludovic
106,FRA,25,DESCAT Hugo
106,FRA,26,CLAIRE Nicolas
106,FRA,27,DIPANDA Adrien
106,FRA,28,PORTE Valentin
106,FRA,37,ACQUEVILLO Jean Jacques
106,FRA,5,REMILI Nedim
106,FRA,7,LAGARDE Romain
106,FRA,9,RICHARDSON Melvyn
106,SWE,11,PETTERSSON Daniel
106,SWE,12,PALICKA Andreas
106,SWE,15,WANNE Hampus
106,SWE,16,AGGEFORS Mikael
106,SWE,18,PETTERSSON Fredric
106,SWE,19,CLAAR Felix
106,SWE,2,CARLSBOGARD Jonathan
106,SWE,22,PELLAS Lucas
106,SWE,23,LAGERGREN Albin
106,SWE,24,GOTTFRIDSSON Jim
106,SWE,28,EDVARDSSON Jonathan
106,SWE,33,SANDELL Lukas
106,SWE,5,DARJ Max
106,SWE,62,CHRINTZ Valter
106,SWE,66,LINDSKOG Anton
106,SWE,8,JONSSON Alfred
107,ESP,1,PEREZ de VARGAS MORENO Gonzalo
107,ESP,10,DUJSHEBAEV DOVICHEBAEVA Alex
107,ESP,11,SARMIENTO MELIAN Daniel
107,ESP,12,CORRALES RODAL Rodrigo
107,ESP,14,SOLE SALA Ferran
107,ESP,17,FIGUERAS TREJO Adrian
107,ESP,21,CANELLAS REIXACH Joan
107,ESP,24,MORROS de ARGILA Viran
107,ESP,28,GOMEZ ABELLO Aleix
107,ESP,29,ARINO BENGOECHEA Aitor
107,ESP,30,GUARDIOLA VILLAPLANA Gedeon
107,ESP,5,MAQUEDA PENO Jorge
107,ESP,52,MARCHAN CRIADO Ruben
107,ESP,59,DUJSHEBAEV DOVICHEBAEVA Daniel
107,ESP,6,FERNANDEZ PEREZ Angel
107,ESP,9,ENTRERRIOS RODRIGUEZ Raul
107,FRA,10,MEM Dika
107,FRA,11,TOURNAT Nicolas
107,FRA,12,GERARD Vincent
107,FRA,14,MAHE Kentin
107,FRA,16,GENTY Yann
107,FRA,19,ABALO Luc
107,FRA,21,GUIGOU Michael
107,FRA,23,FABREGAS Ludovic
107,FRA,25,DESCAT Hugo
107,FRA,26,CLAIRE Nicolas
107,FRA,27,DIPANDA Adrien
107,FRA,28,PORTE Valentin
107,FRA,37,ACQUEVILLO Jean Jacques
107,FRA,5,REMILI Nedim
107,FRA,7,LAGARDE Romain
107,FRA,9,RICHARDSON Melvyn
108,DEN,1,JACOBSEN Niklas Landin
108,DEN,14,ZACHARIASSEN Anders
108,DEN,15,JENSEN Magnus Saugstrup
108,DEN,17,SVAN Lasse J.
108,DEN,20,MOLLER Kevin
108,DEN,21,JENSEN Henrik Mollgaard
108,DEN,22,LARSEN Mads Mensah
108,DEN,24,HANSEN Mikkel
108,DEN,25,OLSEN Morten Toft
108,DEN,28,ANDERSSON Lasse B.
108,DEN,31,NIELSEN Nikolaj Oris
108,DEN,32,HOLM Jacob T.
108,DEN,33,GIDSEL Mathias
108,DEN,34,JENSEN Simon Hald
108,DEN,4,JACOBSEN Magnus Landin
108,DEN,7,JAKOBSEN Emil M.
108,SWE,11,PETTERSSON Daniel
108,SWE,12,PALICKA Andreas
108,SWE,15,WANNE Hampus
108,SWE,16,AGGEFORS Mikael
108,SWE,18,PETTERSSON Fredric
108,SWE,19,CLAAR Felix
108,SWE,2,CARLSBOGARD Jonathan
108,SWE,22,PELLAS Lucas
108,SWE,23,LAGERGREN Albin
108,SWE,24,GOTTFRIDSSON Jim
108,SWE,28,EDVARDSSON Jonathan
108,SWE,33,SANDELL Lukas
108,SWE,5,DARJ Max
108,SWE,62,CHRINTZ Valter
108,SWE,66,LINDSKOG Anton
108,SWE,8,JONSSON Alfred
